run_id,backend,tap,nguong,so_genuine,so_impostor,tp,fp_impostor,fp_nham_nguoi,fn,tn,far,frr,ti_le_gan_nham,accuracy,precision,recall
bench_recognize_dlib_20260908_0707,dlib,kiem-chuc-nang,0.8169216513633728,22,162,21,162,1,0,0,1.0,0.0,0.045454545454545456,0.11413043478260869,0.11413043478260869,0.9545454545454546
bench_recognize_dlib_20260908_0707,dlib,kiem-chuc-nang,0.8177272078379914,22,162,21,161,1,0,1,0.9938271604938271,0.0,0.045454545454545456,0.11956521739130435,0.11475409836065574,0.9545454545454546
bench_recognize_dlib_20260908_0707,dlib,kiem-chuc-nang,0.8185327643126099,22,162,21,161,1,0,1,0.9938271604938271,0.0,0.045454545454545456,0.11956521739130435,0.11475409836065574,0.9545454545454546
bench_recognize_dlib_20260908_0707,dlib,kiem-chuc-nang,0.8193383207872286,22,162,21,161,1,0,1,0.9938271604938271,0.0,0.045454545454545456,0.11956521739130435,0.11475409836065574,0.9545454545454546
bench_recognize_dlib_20260908_0707,dlib,kiem-chuc-nang,0.8201438772618471,22,162,21,161,1,0,1,0.9938271604938271,0.0,0.045454545454545456,0.11956521739130435,0.11475409836065574,0.9545454545454546
bench_recognize_dlib_20260908_0707,dlib,kiem-chuc-nang,0.8209494337364657,22,162,21,161,1,0,1,0.9938271604938271,0.0,0.045454545454545456,0.11956521739130435,0.11475409836065574,0.9545454545454546
bench_recognize_dlib_20260908_0707,dlib,kiem-chuc-nang,0.8217549902110842,22,162,21,161,1,0,1,0.9938271604938271,0.0,0.045454545454545456,0.11956521739130435,0.11475409836065574,0.9545454545454546
bench_recognize_dlib_20260908_0707,dlib,kiem-chuc-nang,0.8225605466857029,22,162,21,161,1,0,1,0.9938271604938271,0.0,0.045454545454545456,0.11956521739130435,0.11475409836065574,0.9545454545454546
bench_recognize_dlib_20260908_0707,dlib,kiem-chuc-nang,0.8233661031603214,22,162,21,160,1,0,2,0.9876543209876543,0.0,0.045454545454545456,0.125,0.11538461538461539,0.9545454545454546
bench_recognize_dlib_20260908_0707,dlib,kiem-chuc-nang,0.82417165963494,22,162,21,160,1,0,2,0.9876543209876543,0.0,0.045454545454545456,0.125,0.11538461538461539,0.9545454545454546
bench_recognize_dlib_20260908_0707,dlib,kiem-chuc-nang,0.8249772161095585,22,162,21,160,1,0,2,0.9876543209876543,0.0,0.045454545454545456,0.125,0.11538461538461539,0.9545454545454546
bench_recognize_dlib_20260908_0707,dlib,kiem-chuc-nang,0.8257827725841771,22,162,21,160,1,0,2,0.9876543209876543,0.0,0.045454545454545456,0.125,0.11538461538461539,0.9545454545454546
bench_recognize_dlib_20260908_0707,dlib,kiem-chuc-nang,0.8265883290587958,22,162,21,160,1,0,2,0.9876543209876543,0.0,0.045454545454545456,0.125,0.11538461538461539,0.9545454545454546
bench_recognize_dlib_20260908_0707,dlib,kiem-chuc-nang,0.8273938855334143,22,162,21,160,1,0,2,0.9876543209876543,0.0,0.045454545454545456,0.125,0.11538461538461539,0.9545454545454546
bench_recognize_dlib_20260908_0707,dlib,kiem-chuc-nang,0.8281994420080329,22,162,21,160,1,0,2,0.9876543209876543,0.0,0.045454545454545456,0.125,0.11538461538461539,0.9545454545454546
bench_recognize_dlib_20260908_0707,dlib,kiem-chuc-nang,0.8290049984826514,22,162,21,160,1,0,2,0.9876543209876543,0.0,0.045454545454545456,0.125,0.11538461538461539,0.9545454545454546
bench_recognize_dlib_20260908_0707,dlib,kiem-chuc-nang,0.8298105549572701,22,162,21,160,1,0,2,0.9876543209876543,0.0,0.045454545454545456,0.125,0.11538461538461539,0.9545454545454546
bench_recognize_dlib_20260908_0707,dlib,kiem-chuc-nang,0.8306161114318886,22,162,21,160,1,0,2,0.9876543209876543,0.0,0.045454545454545456,0.125,0.11538461538461539,0.9545454545454546
bench_recognize_dlib_20260908_0707,dlib,kiem-chuc-nang,0.8314216679065072,22,162,21,160,1,0,2,0.9876543209876543,0.0,0.045454545454545456,0.125,0.11538461538461539,0.9545454545454546
bench_recognize_dlib_20260908_0707,dlib,kiem-chuc-nang,0.8322272243811257,22,162,21,159,1,0,3,0.9814814814814815,0.0,0.045454545454545456,0.13043478260869565,0.11602209944751381,0.9545454545454546
bench_recognize_dlib_20260908_0707,dlib,kiem-chuc-nang,0.8330327808557443,22,162,21,159,1,0,3,0.9814814814814815,0.0,0.045454545454545456,0.13043478260869565,0.11602209944751381,0.9545454545454546
bench_recognize_dlib_20260908_0707,dlib,kiem-chuc-nang,0.8338383373303629,22,162,21,159,1,0,3,0.9814814814814815,0.0,0.045454545454545456,0.13043478260869565,0.11602209944751381,0.9545454545454546
bench_recognize_dlib_20260908_0707,dlib,kiem-chuc-nang,0.8346438938049815,22,162,21,159,1,0,3,0.9814814814814815,0.0,0.045454545454545456,0.13043478260869565,0.11602209944751381,0.9545454545454546
bench_recognize_dlib_20260908_0707,dlib,kiem-chuc-nang,0.8354494502796,22,162,21,158,1,0,4,0.9753086419753086,0.0,0.045454545454545456,0.1358695652173913,0.11666666666666667,0.9545454545454546
bench_recognize_dlib_20260908_0707,dlib,kiem-chuc-nang,0.8362550067542186,22,162,21,158,1,0,4,0.9753086419753086,0.0,0.045454545454545456,0.1358695652173913,0.11666666666666667,0.9545454545454546
bench_recognize_dlib_20260908_0707,dlib,kiem-chuc-nang,0.8370605632288373,22,162,21,157,1,0,5,0.9691358024691358,0.0,0.045454545454545456,0.14130434782608695,0.11731843575418995,0.9545454545454546
bench_recognize_dlib_20260908_0707,dlib,kiem-chuc-nang,0.8378661197034558,22,162,21,157,1,0,5,0.9691358024691358,0.0,0.045454545454545456,0.14130434782608695,0.11731843575418995,0.9545454545454546
bench_recognize_dlib_20260908_0707,dlib,kiem-chuc-nang,0.8386716761780744,22,162,21,157,1,0,5,0.9691358024691358,0.0,0.045454545454545456,0.14130434782608695,0.11731843575418995,0.9545454545454546
bench_recognize_dlib_20260908_0707,dlib,kiem-chuc-nang,0.8394772326526929,22,162,21,157,1,0,5,0.9691358024691358,0.0,0.045454545454545456,0.14130434782608695,0.11731843575418995,0.9545454545454546
bench_recognize_dlib_20260908_0707,dlib,kiem-chuc-nang,0.8402827891273115,22,162,21,157,1,0,5,0.9691358024691358,0.0,0.045454545454545456,0.14130434782608695,0.11731843575418995,0.9545454545454546
bench_recognize_dlib_20260908_0707,dlib,kiem-chuc-nang,0.8410883456019301,22,162,21,157,1,0,5,0.9691358024691358,0.0,0.045454545454545456,0.14130434782608695,0.11731843575418995,0.9545454545454546
bench_recognize_dlib_20260908_0707,dlib,kiem-chuc-nang,0.8418939020765487,22,162,21,157,1,0,5,0.9691358024691358,0.0,0.045454545454545456,0.14130434782608695,0.11731843575418995,0.9545454545454546
bench_recognize_dlib_20260908_0707,dlib,kiem-chuc-nang,0.8426994585511672,22,162,21,157,1,0,5,0.9691358024691358,0.0,0.045454545454545456,0.14130434782608695,0.11731843575418995,0.9545454545454546
bench_recognize_dlib_20260908_0707,dlib,kiem-chuc-nang,0.8435050150257858,22,162,21,155,1,0,7,0.9567901234567902,0.0,0.045454545454545456,0.15217391304347827,0.11864406779661017,0.9545454545454546
bench_recognize_dlib_20260908_0707,dlib,kiem-chuc-nang,0.8443105715004044,22,162,21,154,1,0,8,0.9506172839506173,0.0,0.045454545454545456,0.15760869565217392,0.11931818181818182,0.9545454545454546
bench_recognize_dlib_20260908_0707,dlib,kiem-chuc-nang,0.845116127975023,22,162,21,153,1,0,9,0.9444444444444444,0.0,0.045454545454545456,0.16304347826086957,0.12,0.9545454545454546
bench_recognize_dlib_20260908_0707,dlib,kiem-chuc-nang,0.8459216844496416,22,162,21,153,1,0,9,0.9444444444444444,0.0,0.045454545454545456,0.16304347826086957,0.12,0.9545454545454546
bench_recognize_dlib_20260908_0707,dlib,kiem-chuc-nang,0.8467272409242601,22,162,21,153,1,0,9,0.9444444444444444,0.0,0.045454545454545456,0.16304347826086957,0.12,0.9545454545454546
bench_recognize_dlib_20260908_0707,dlib,kiem-chuc-nang,0.8475327973988787,22,162,21,153,1,0,9,0.9444444444444444,0.0,0.045454545454545456,0.16304347826086957,0.12,0.9545454545454546
bench_recognize_dlib_20260908_0707,dlib,kiem-chuc-nang,0.8483383538734973,22,162,21,153,1,0,9,0.9444444444444444,0.0,0.045454545454545456,0.16304347826086957,0.12,0.9545454545454546
bench_recognize_dlib_20260908_0707,dlib,kiem-chuc-nang,0.8491439103481159,22,162,21,153,1,0,9,0.9444444444444444,0.0,0.045454545454545456,0.16304347826086957,0.12,0.9545454545454546
bench_recognize_dlib_20260908_0707,dlib,kiem-chuc-nang,0.8499494668227344,22,162,21,152,1,0,10,0.9382716049382716,0.0,0.045454545454545456,0.16847826086956522,0.1206896551724138,0.9545454545454546
bench_recognize_dlib_20260908_0707,dlib,kiem-chuc-nang,0.850755023297353,22,162,21,152,1,0,10,0.9382716049382716,0.0,0.045454545454545456,0.16847826086956522,0.1206896551724138,0.9545454545454546
bench_recognize_dlib_20260908_0707,dlib,kiem-chuc-nang,0.8515605797719716,22,162,21,152,1,0,10,0.9382716049382716,0.0,0.045454545454545456,0.16847826086956522,0.1206896551724138,0.9545454545454546
bench_recognize_dlib_20260908_0707,dlib,kiem-chuc-nang,0.8523661362465902,22,162,21,152,1,0,10,0.9382716049382716,0.0,0.045454545454545456,0.16847826086956522,0.1206896551724138,0.9545454545454546
bench_recognize_dlib_20260908_0707,dlib,kiem-chuc-nang,0.8531716927212087,22,162,21,152,1,0,10,0.9382716049382716,0.0,0.045454545454545456,0.16847826086956522,0.1206896551724138,0.9545454545454546
bench_recognize_dlib_20260908_0707,dlib,kiem-chuc-nang,0.8539772491958273,22,162,21,152,1,0,10,0.9382716049382716,0.0,0.045454545454545456,0.16847826086956522,0.1206896551724138,0.9545454545454546
bench_recognize_dlib_20260908_0707,dlib,kiem-chuc-nang,0.8547828056704458,22,162,21,151,1,0,11,0.9320987654320988,0.0,0.045454545454545456,0.17391304347826086,0.12138728323699421,0.9545454545454546
bench_recognize_dlib_20260908_0707,dlib,kiem-chuc-nang,0.8555883621450645,22,162,21,151,1,0,11,0.9320987654320988,0.0,0.045454545454545456,0.17391304347826086,0.12138728323699421,0.9545454545454546
bench_recognize_dlib_20260908_0707,dlib,kiem-chuc-nang,0.8563939186196831,22,162,21,151,1,0,11,0.9320987654320988,0.0,0.045454545454545456,0.17391304347826086,0.12138728323699421,0.9545454545454546
bench_recognize_dlib_20260908_0707,dlib,kiem-chuc-nang,0.8571994750943016,22,162,21,149,1,0,13,0.9197530864197531,0.0,0.045454545454545456,0.18478260869565216,0.12280701754385964,0.9545454545454546
bench_recognize_dlib_20260908_0707,dlib,kiem-chuc-nang,0.8580050315689202,22,162,21,149,1,0,13,0.9197530864197531,0.0,0.045454545454545456,0.18478260869565216,0.12280701754385964,0.9545454545454546
bench_recognize_dlib_20260908_0707,dlib,kiem-chuc-nang,0.8588105880435388,22,162,21,148,1,0,14,0.9135802469135802,0.0,0.045454545454545456,0.19021739130434784,0.12352941176470589,0.9545454545454546
bench_recognize_dlib_20260908_0707,dlib,kiem-chuc-nang,0.8596161445181574,22,162,21,148,1,0,14,0.9135802469135802,0.0,0.045454545454545456,0.19021739130434784,0.12352941176470589,0.9545454545454546
bench_recognize_dlib_20260908_0707,dlib,kiem-chuc-nang,0.8604217009927759,22,162,21,148,1,0,14,0.9135802469135802,0.0,0.045454545454545456,0.19021739130434784,0.12352941176470589,0.9545454545454546
bench_recognize_dlib_20260908_0707,dlib,kiem-chuc-nang,0.8612272574673945,22,162,21,147,1,0,15,0.9074074074074074,0.0,0.045454545454545456,0.1956521739130435,0.1242603550295858,0.9545454545454546
bench_recognize_dlib_20260908_0707,dlib,kiem-chuc-nang,0.862032813942013,22,162,21,147,1,0,15,0.9074074074074074,0.0,0.045454545454545456,0.1956521739130435,0.1242603550295858,0.9545454545454546
bench_recognize_dlib_20260908_0707,dlib,kiem-chuc-nang,0.8628383704166317,22,162,21,147,1,0,15,0.9074074074074074,0.0,0.045454545454545456,0.1956521739130435,0.1242603550295858,0.9545454545454546
bench_recognize_dlib_20260908_0707,dlib,kiem-chuc-nang,0.8636439268912502,22,162,21,147,1,0,15,0.9074074074074074,0.0,0.045454545454545456,0.1956521739130435,0.1242603550295858,0.9545454545454546
bench_recognize_dlib_20260908_0707,dlib,kiem-chuc-nang,0.8644494833658688,22,162,21,146,1,0,16,0.9012345679012346,0.0,0.045454545454545456,0.20108695652173914,0.125,0.9545454545454546
bench_recognize_dlib_20260908_0707,dlib,kiem-chuc-nang,0.8652550398404873,22,162,21,144,1,0,18,0.8888888888888888,0.0,0.045454545454545456,0.21195652173913043,0.12650602409638553,0.9545454545454546
bench_recognize_dlib_20260908_0707,dlib,kiem-chuc-nang,0.866060596315106,22,162,21,144,1,0,18,0.8888888888888888,0.0,0.045454545454545456,0.21195652173913043,0.12650602409638553,0.9545454545454546
bench_recognize_dlib_20260908_0707,dlib,kiem-chuc-nang,0.8668661527897246,22,162,21,143,1,0,19,0.8827160493827161,0.0,0.045454545454545456,0.21739130434782608,0.12727272727272726,0.9545454545454546
bench_recognize_dlib_20260908_0707,dlib,kiem-chuc-nang,0.8676717092643431,22,162,21,143,1,0,19,0.8827160493827161,0.0,0.045454545454545456,0.21739130434782608,0.12727272727272726,0.9545454545454546
bench_recognize_dlib_20260908_0707,dlib,kiem-chuc-nang,0.8684772657389617,22,162,21,142,1,0,20,0.8765432098765432,0.0,0.045454545454545456,0.22282608695652173,0.12804878048780488,0.9545454545454546
bench_recognize_dlib_20260908_0707,dlib,kiem-chuc-nang,0.8692828222135802,22,162,21,141,1,0,21,0.8703703703703703,0.0,0.045454545454545456,0.22826086956521738,0.12883435582822086,0.9545454545454546
bench_recognize_dlib_20260908_0707,dlib,kiem-chuc-nang,0.8700883786881989,22,162,21,141,1,0,21,0.8703703703703703,0.0,0.045454545454545456,0.22826086956521738,0.12883435582822086,0.9545454545454546
bench_recognize_dlib_20260908_0707,dlib,kiem-chuc-nang,0.8708939351628174,22,162,21,140,1,0,22,0.8641975308641975,0.0,0.045454545454545456,0.23369565217391305,0.12962962962962962,0.9545454545454546
bench_recognize_dlib_20260908_0707,dlib,kiem-chuc-nang,0.871699491637436,22,162,21,138,1,0,24,0.8518518518518519,0.0,0.045454545454545456,0.24456521739130435,0.13125,0.9545454545454546
bench_recognize_dlib_20260908_0707,dlib,kiem-chuc-nang,0.8725050481120545,22,162,21,137,1,0,25,0.845679012345679,0.0,0.045454545454545456,0.25,0.1320754716981132,0.9545454545454546
bench_recognize_dlib_20260908_0707,dlib,kiem-chuc-nang,0.8733106045866732,22,162,21,135,1,0,27,0.8333333333333334,0.0,0.045454545454545456,0.2608695652173913,0.1337579617834395,0.9545454545454546
bench_recognize_dlib_20260908_0707,dlib,kiem-chuc-nang,0.8741161610612918,22,162,21,129,1,0,33,0.7962962962962963,0.0,0.045454545454545456,0.29347826086956524,0.1390728476821192,0.9545454545454546
bench_recognize_dlib_20260908_0707,dlib,kiem-chuc-nang,0.8749217175359103,22,162,21,128,1,0,34,0.7901234567901234,0.0,0.045454545454545456,0.29891304347826086,0.14,0.9545454545454546
bench_recognize_dlib_20260908_0707,dlib,kiem-chuc-nang,0.8757272740105289,22,162,21,127,1,0,35,0.7839506172839507,0.0,0.045454545454545456,0.30434782608695654,0.14093959731543623,0.9545454545454546
bench_recognize_dlib_20260908_0707,dlib,kiem-chuc-nang,0.8765328304851474,22,162,21,126,1,0,36,0.7777777777777778,0.0,0.045454545454545456,0.30978260869565216,0.14189189189189189,0.9545454545454546
bench_recognize_dlib_20260908_0707,dlib,kiem-chuc-nang,0.8773383869597661,22,162,21,124,1,0,38,0.7654320987654321,0.0,0.045454545454545456,0.32065217391304346,0.14383561643835616,0.9545454545454546
bench_recognize_dlib_20260908_0707,dlib,kiem-chuc-nang,0.8781439434343846,22,162,21,121,1,0,41,0.7469135802469136,0.0,0.045454545454545456,0.33695652173913043,0.14685314685314685,0.9545454545454546
bench_recognize_dlib_20260908_0707,dlib,kiem-chuc-nang,0.8789494999090032,22,162,21,120,1,0,42,0.7407407407407407,0.0,0.045454545454545456,0.3423913043478261,0.14788732394366197,0.9545454545454546
bench_recognize_dlib_20260908_0707,dlib,kiem-chuc-nang,0.8797550563836217,22,162,21,119,1,0,43,0.7345679012345679,0.0,0.045454545454545456,0.34782608695652173,0.14893617021276595,0.9545454545454546
bench_recognize_dlib_20260908_0707,dlib,kiem-chuc-nang,0.8805606128582404,22,162,21,118,1,0,44,0.7283950617283951,0.0,0.045454545454545456,0.3532608695652174,0.15,0.9545454545454546
bench_recognize_dlib_20260908_0707,dlib,kiem-chuc-nang,0.8813661693328589,22,162,21,115,1,0,47,0.7098765432098766,0.0,0.045454545454545456,0.3695652173913043,0.15328467153284672,0.9545454545454546
bench_recognize_dlib_20260908_0707,dlib,kiem-chuc-nang,0.8821717258074775,22,162,21,113,1,0,49,0.6975308641975309,0.0,0.045454545454545456,0.3804347826086957,0.15555555555555556,0.9545454545454546
bench_recognize_dlib_20260908_0707,dlib,kiem-chuc-nang,0.882977282282096,22,162,21,112,1,0,50,0.691358024691358,0.0,0.045454545454545456,0.3858695652173913,0.15671641791044777,0.9545454545454546
bench_recognize_dlib_20260908_0707,dlib,kiem-chuc-nang,0.8837828387567146,22,162,21,110,1,0,52,0.6790123456790124,0.0,0.045454545454545456,0.3967391304347826,0.1590909090909091,0.9545454545454546
bench_recognize_dlib_20260908_0707,dlib,kiem-chuc-nang,0.8845883952313333,22,162,21,108,1,0,54,0.6666666666666666,0.0,0.045454545454545456,0.4076086956521739,0.16153846153846155,0.9545454545454546
bench_recognize_dlib_20260908_0707,dlib,kiem-chuc-nang,0.8853939517059518,22,162,21,107,1,0,55,0.6604938271604939,0.0,0.045454545454545456,0.41304347826086957,0.16279069767441862,0.9545454545454546
bench_recognize_dlib_20260908_0707,dlib,kiem-chuc-nang,0.8861995081805704,22,162,21,105,1,0,57,0.6481481481481481,0.0,0.045454545454545456,0.42391304347826086,0.16535433070866143,0.9545454545454546
bench_recognize_dlib_20260908_0707,dlib,kiem-chuc-nang,0.8870050646551889,22,162,21,100,1,0,62,0.6172839506172839,0.0,0.045454545454545456,0.45108695652173914,0.1721311475409836,0.9545454545454546
bench_recognize_dlib_20260908_0707,dlib,kiem-chuc-nang,0.8878106211298076,22,162,21,97,1,0,65,0.5987654320987654,0.0,0.045454545454545456,0.4673913043478261,0.17647058823529413,0.9545454545454546
bench_recognize_dlib_20260908_0707,dlib,kiem-chuc-nang,0.8886161776044261,22,162,21,95,1,0,67,0.5864197530864198,0.0,0.045454545454545456,0.4782608695652174,0.1794871794871795,0.9545454545454546
bench_recognize_dlib_20260908_0707,dlib,kiem-chuc-nang,0.8894217340790447,22,162,21,95,1,0,67,0.5864197530864198,0.0,0.045454545454545456,0.4782608695652174,0.1794871794871795,0.9545454545454546
bench_recognize_dlib_20260908_0707,dlib,kiem-chuc-nang,0.8902272905536632,22,162,21,92,1,0,70,0.5679012345679012,0.0,0.045454545454545456,0.4945652173913043,0.18421052631578946,0.9545454545454546
bench_recognize_dlib_20260908_0707,dlib,kiem-chuc-nang,0.8910328470282818,22,162,21,90,1,0,72,0.5555555555555556,0.0,0.045454545454545456,0.5054347826086957,0.1875,0.9545454545454546
bench_recognize_dlib_20260908_0707,dlib,kiem-chuc-nang,0.8918384035029004,22,162,21,86,1,0,76,0.5308641975308642,0.0,0.045454545454545456,0.5271739130434783,0.19444444444444445,0.9545454545454546
bench_recognize_dlib_20260908_0707,dlib,kiem-chuc-nang,0.892643959977519,22,162,21,82,1,0,80,0.5061728395061729,0.0,0.045454545454545456,0.5489130434782609,0.20192307692307693,0.9545454545454546
bench_recognize_dlib_20260908_0707,dlib,kiem-chuc-nang,0.8934495164521375,22,162,21,81,1,0,81,0.5,0.0,0.045454545454545456,0.5543478260869565,0.20388349514563106,0.9545454545454546
bench_recognize_dlib_20260908_0707,dlib,kiem-chuc-nang,0.8942550729267561,22,162,21,76,1,0,86,0.4691358024691358,0.0,0.045454545454545456,0.5815217391304348,0.21428571428571427,0.9545454545454546
bench_recognize_dlib_20260908_0707,dlib,kiem-chuc-nang,0.8950606294013748,22,162,21,75,1,0,87,0.46296296296296297,0.0,0.045454545454545456,0.5869565217391305,0.21649484536082475,0.9545454545454546
bench_recognize_dlib_20260908_0707,dlib,kiem-chuc-nang,0.8958661858759933,22,162,21,74,1,0,88,0.4567901234567901,0.0,0.045454545454545456,0.592391304347826,0.21875,0.9545454545454546
bench_recognize_dlib_20260908_0707,dlib,kiem-chuc-nang,0.8966717423506119,22,162,21,72,1,0,90,0.4444444444444444,0.0,0.045454545454545456,0.6032608695652174,0.22340425531914893,0.9545454545454546
bench_recognize_dlib_20260908_0707,dlib,kiem-chuc-nang,0.8974772988252304,22,162,21,69,1,0,93,0.42592592592592593,0.0,0.045454545454545456,0.6195652173913043,0.23076923076923078,0.9545454545454546
bench_recognize_dlib_20260908_0707,dlib,kiem-chuc-nang,0.898282855299849,22,162,21,65,1,0,97,0.4012345679012346,0.0,0.045454545454545456,0.6413043478260869,0.2413793103448276,0.9545454545454546
bench_recognize_dlib_20260908_0707,dlib,kiem-chuc-nang,0.8990884117744675,22,162,21,64,1,0,98,0.3950617283950617,0.0,0.045454545454545456,0.6467391304347826,0.2441860465116279,0.9545454545454546
bench_recognize_dlib_20260908_0707,dlib,kiem-chuc-nang,0.8998939682490862,22,162,21,60,1,0,102,0.37037037037037035,0.0,0.045454545454545456,0.6684782608695652,0.25609756097560976,0.9545454545454546
bench_recognize_dlib_20260908_0707,dlib,kiem-chuc-nang,0.9006995247237047,22,162,21,58,1,0,104,0.35802469135802467,0.0,0.045454545454545456,0.6793478260869565,0.2625,0.9545454545454546
bench_recognize_dlib_20260908_0707,dlib,kiem-chuc-nang,0.9015050811983233,22,162,21,55,1,0,107,0.3395061728395062,0.0,0.045454545454545456,0.6956521739130435,0.2727272727272727,0.9545454545454546
bench_recognize_dlib_20260908_0707,dlib,kiem-chuc-nang,0.9023106376729418,22,162,21,52,1,0,110,0.32098765432098764,0.0,0.045454545454545456,0.7119565217391305,0.28378378378378377,0.9545454545454546
bench_recognize_dlib_20260908_0707,dlib,kiem-chuc-nang,0.9031161941475605,22,162,21,50,1,0,112,0.30864197530864196,0.0,0.045454545454545456,0.7228260869565217,0.2916666666666667,0.9545454545454546
bench_recognize_dlib_20260908_0707,dlib,kiem-chuc-nang,0.903921750622179,22,162,21,46,0,1,116,0.2839506172839506,0.045454545454545456,0.0,0.7445652173913043,0.31343283582089554,0.9545454545454546
bench_recognize_dlib_20260908_0707,dlib,kiem-chuc-nang,0.9047273070967976,22,162,21,44,0,1,118,0.2716049382716049,0.045454545454545456,0.0,0.7554347826086957,0.3230769230769231,0.9545454545454546
bench_recognize_dlib_20260908_0707,dlib,kiem-chuc-nang,0.9055328635714162,22,162,21,39,0,1,123,0.24074074074074073,0.045454545454545456,0.0,0.782608695652174,0.35,0.9545454545454546
bench_recognize_dlib_20260908_0707,dlib,kiem-chuc-nang,0.9063384200460347,22,162,21,37,0,1,125,0.22839506172839505,0.045454545454545456,0.0,0.7934782608695652,0.3620689655172414,0.9545454545454546
bench_recognize_dlib_20260908_0707,dlib,kiem-chuc-nang,0.9071439765206534,22,162,21,36,0,1,126,0.2222222222222222,0.045454545454545456,0.0,0.7989130434782609,0.3684210526315789,0.9545454545454546
bench_recognize_dlib_20260908_0707,dlib,kiem-chuc-nang,0.9079495329952719,22,162,21,34,0,1,128,0.20987654320987653,0.045454545454545456,0.0,0.8097826086956522,0.38181818181818183,0.9545454545454546
bench_recognize_dlib_20260908_0707,dlib,kiem-chuc-nang,0.9087550894698905,22,162,21,32,0,1,130,0.19753086419753085,0.045454545454545456,0.0,0.8206521739130435,0.39622641509433965,0.9545454545454546
bench_recognize_dlib_20260908_0707,dlib,kiem-chuc-nang,0.909560645944509,22,162,21,31,0,1,131,0.19135802469135801,0.045454545454545456,0.0,0.8260869565217391,0.40384615384615385,0.9545454545454546
bench_recognize_dlib_20260908_0707,dlib,kiem-chuc-nang,0.9103662024191277,22,162,21,30,0,1,132,0.18518518518518517,0.045454545454545456,0.0,0.8315217391304348,0.4117647058823529,0.9545454545454546
bench_recognize_dlib_20260908_0707,dlib,kiem-chuc-nang,0.9111717588937462,22,162,21,29,0,1,133,0.17901234567901234,0.045454545454545456,0.0,0.8369565217391305,0.42,0.9545454545454546
bench_recognize_dlib_20260908_0707,dlib,kiem-chuc-nang,0.9119773153683648,22,162,21,28,0,1,134,0.1728395061728395,0.045454545454545456,0.0,0.842391304347826,0.42857142857142855,0.9545454545454546
bench_recognize_dlib_20260908_0707,dlib,kiem-chuc-nang,0.9127828718429833,22,162,21,26,0,1,136,0.16049382716049382,0.045454545454545456,0.0,0.8532608695652174,0.44680851063829785,0.9545454545454546
bench_recognize_dlib_20260908_0707,dlib,kiem-chuc-nang,0.9135884283176019,22,162,21,23,0,1,139,0.1419753086419753,0.045454545454545456,0.0,0.8695652173913043,0.4772727272727273,0.9545454545454546
bench_recognize_dlib_20260908_0707,dlib,kiem-chuc-nang,0.9143939847922206,22,162,21,21,0,1,141,0.12962962962962962,0.045454545454545456,0.0,0.8804347826086957,0.5,0.9545454545454546
bench_recognize_dlib_20260908_0707,dlib,kiem-chuc-nang,0.9151995412668391,22,162,21,19,0,1,143,0.11728395061728394,0.045454545454545456,0.0,0.8913043478260869,0.525,0.9545454545454546
bench_recognize_dlib_20260908_0707,dlib,kiem-chuc-nang,0.9160050977414577,22,162,21,18,0,1,144,0.1111111111111111,0.045454545454545456,0.0,0.8967391304347826,0.5384615384615384,0.9545454545454546
bench_recognize_dlib_20260908_0707,dlib,kiem-chuc-nang,0.9168106542160762,22,162,21,15,0,1,147,0.09259259259259259,0.045454545454545456,0.0,0.9130434782608695,0.5833333333333334,0.9545454545454546
bench_recognize_dlib_20260908_0707,dlib,kiem-chuc-nang,0.9176162106906949,22,162,21,14,0,1,148,0.08641975308641975,0.045454545454545456,0.0,0.9184782608695652,0.6,0.9545454545454546
bench_recognize_dlib_20260908_0707,dlib,kiem-chuc-nang,0.9184217671653134,22,162,21,14,0,1,148,0.08641975308641975,0.045454545454545456,0.0,0.9184782608695652,0.6,0.9545454545454546
bench_recognize_dlib_20260908_0707,dlib,kiem-chuc-nang,0.919227323639932,22,162,21,13,0,1,149,0.08024691358024691,0.045454545454545456,0.0,0.9239130434782609,0.6176470588235294,0.9545454545454546
bench_recognize_dlib_20260908_0707,dlib,kiem-chuc-nang,0.9200328801145505,22,162,21,12,0,1,150,0.07407407407407407,0.045454545454545456,0.0,0.9293478260869565,0.6363636363636364,0.9545454545454546
bench_recognize_dlib_20260908_0707,dlib,kiem-chuc-nang,0.9208384365891691,22,162,21,10,0,1,152,0.06172839506172839,0.045454545454545456,0.0,0.9402173913043478,0.6774193548387096,0.9545454545454546
bench_recognize_dlib_20260908_0707,dlib,kiem-chuc-nang,0.9216439930637877,22,162,21,7,0,1,155,0.043209876543209874,0.045454545454545456,0.0,0.9565217391304348,0.75,0.9545454545454546
bench_recognize_dlib_20260908_0707,dlib,kiem-chuc-nang,0.9224495495384063,22,162,21,7,0,1,155,0.043209876543209874,0.045454545454545456,0.0,0.9565217391304348,0.75,0.9545454545454546
bench_recognize_dlib_20260908_0707,dlib,kiem-chuc-nang,0.9232551060130249,22,162,21,5,0,1,157,0.030864197530864196,0.045454545454545456,0.0,0.967391304347826,0.8076923076923077,0.9545454545454546
bench_recognize_dlib_20260908_0707,dlib,kiem-chuc-nang,0.9240606624876434,22,162,21,5,0,1,157,0.030864197530864196,0.045454545454545456,0.0,0.967391304347826,0.8076923076923077,0.9545454545454546
bench_recognize_dlib_20260908_0707,dlib,kiem-chuc-nang,0.9248662189622621,22,162,21,5,0,1,157,0.030864197530864196,0.045454545454545456,0.0,0.967391304347826,0.8076923076923077,0.9545454545454546
bench_recognize_dlib_20260908_0707,dlib,kiem-chuc-nang,0.9256717754368806,22,162,21,5,0,1,157,0.030864197530864196,0.045454545454545456,0.0,0.967391304347826,0.8076923076923077,0.9545454545454546
bench_recognize_dlib_20260908_0707,dlib,kiem-chuc-nang,0.9264773319114992,22,162,21,5,0,1,157,0.030864197530864196,0.045454545454545456,0.0,0.967391304347826,0.8076923076923077,0.9545454545454546
bench_recognize_dlib_20260908_0707,dlib,kiem-chuc-nang,0.9272828883861177,22,162,21,5,0,1,157,0.030864197530864196,0.045454545454545456,0.0,0.967391304347826,0.8076923076923077,0.9545454545454546
bench_recognize_dlib_20260908_0707,dlib,kiem-chuc-nang,0.9280884448607363,22,162,21,4,0,1,158,0.024691358024691357,0.045454545454545456,0.0,0.9728260869565217,0.84,0.9545454545454546
bench_recognize_dlib_20260908_0707,dlib,kiem-chuc-nang,0.9288940013353549,22,162,21,3,0,1,159,0.018518518518518517,0.045454545454545456,0.0,0.9782608695652174,0.875,0.9545454545454546
bench_recognize_dlib_20260908_0707,dlib,kiem-chuc-nang,0.9296995578099735,22,162,21,3,0,1,159,0.018518518518518517,0.045454545454545456,0.0,0.9782608695652174,0.875,0.9545454545454546
bench_recognize_dlib_20260908_0707,dlib,kiem-chuc-nang,0.930505114284592,22,162,21,3,0,1,159,0.018518518518518517,0.045454545454545456,0.0,0.9782608695652174,0.875,0.9545454545454546
bench_recognize_dlib_20260908_0707,dlib,kiem-chuc-nang,0.9313106707592106,22,162,21,3,0,1,159,0.018518518518518517,0.045454545454545456,0.0,0.9782608695652174,0.875,0.9545454545454546
bench_recognize_dlib_20260908_0707,dlib,kiem-chuc-nang,0.9321162272338293,22,162,21,2,0,1,160,0.012345679012345678,0.045454545454545456,0.0,0.9836956521739131,0.9130434782608695,0.9545454545454546
bench_recognize_dlib_20260908_0707,dlib,kiem-chuc-nang,0.9329217837084478,22,162,21,1,0,1,161,0.006172839506172839,0.045454545454545456,0.0,0.9891304347826086,0.9545454545454546,0.9545454545454546
bench_recognize_dlib_20260908_0707,dlib,kiem-chuc-nang,0.9337273401830664,22,162,21,0,0,1,162,0.0,0.045454545454545456,0.0,0.9945652173913043,1.0,0.9545454545454546
bench_recognize_dlib_20260908_0707,dlib,kiem-chuc-nang,0.9345328966576849,22,162,21,0,0,1,162,0.0,0.045454545454545456,0.0,0.9945652173913043,1.0,0.9545454545454546
bench_recognize_dlib_20260908_0707,dlib,kiem-chuc-nang,0.9353384531323035,22,162,21,0,0,1,162,0.0,0.045454545454545456,0.0,0.9945652173913043,1.0,0.9545454545454546
bench_recognize_dlib_20260908_0707,dlib,kiem-chuc-nang,0.9361440096069221,22,162,21,0,0,1,162,0.0,0.045454545454545456,0.0,0.9945652173913043,1.0,0.9545454545454546
bench_recognize_dlib_20260908_0707,dlib,kiem-chuc-nang,0.9369495660815407,22,162,21,0,0,1,162,0.0,0.045454545454545456,0.0,0.9945652173913043,1.0,0.9545454545454546
bench_recognize_dlib_20260908_0707,dlib,kiem-chuc-nang,0.9377551225561592,22,162,21,0,0,1,162,0.0,0.045454545454545456,0.0,0.9945652173913043,1.0,0.9545454545454546
bench_recognize_dlib_20260908_0707,dlib,kiem-chuc-nang,0.9385606790307778,22,162,21,0,0,1,162,0.0,0.045454545454545456,0.0,0.9945652173913043,1.0,0.9545454545454546
bench_recognize_dlib_20260908_0707,dlib,kiem-chuc-nang,0.9393662355053964,22,162,20,0,0,2,162,0.0,0.09090909090909091,0.0,0.9891304347826086,1.0,0.9090909090909091
bench_recognize_dlib_20260908_0707,dlib,kiem-chuc-nang,0.940171791980015,22,162,20,0,0,2,162,0.0,0.09090909090909091,0.0,0.9891304347826086,1.0,0.9090909090909091
bench_recognize_dlib_20260908_0707,dlib,kiem-chuc-nang,0.9409773484546335,22,162,20,0,0,2,162,0.0,0.09090909090909091,0.0,0.9891304347826086,1.0,0.9090909090909091
bench_recognize_dlib_20260908_0707,dlib,kiem-chuc-nang,0.9417829049292521,22,162,20,0,0,2,162,0.0,0.09090909090909091,0.0,0.9891304347826086,1.0,0.9090909090909091
bench_recognize_dlib_20260908_0707,dlib,kiem-chuc-nang,0.9425884614038706,22,162,20,0,0,2,162,0.0,0.09090909090909091,0.0,0.9891304347826086,1.0,0.9090909090909091
bench_recognize_dlib_20260908_0707,dlib,kiem-chuc-nang,0.9433940178784893,22,162,20,0,0,2,162,0.0,0.09090909090909091,0.0,0.9891304347826086,1.0,0.9090909090909091
bench_recognize_dlib_20260908_0707,dlib,kiem-chuc-nang,0.9441995743531079,22,162,19,0,0,3,162,0.0,0.13636363636363635,0.0,0.9836956521739131,1.0,0.8636363636363636
bench_recognize_dlib_20260908_0707,dlib,kiem-chuc-nang,0.9450051308277264,22,162,19,0,0,3,162,0.0,0.13636363636363635,0.0,0.9836956521739131,1.0,0.8636363636363636
bench_recognize_dlib_20260908_0707,dlib,kiem-chuc-nang,0.9458106873023451,22,162,19,0,0,3,162,0.0,0.13636363636363635,0.0,0.9836956521739131,1.0,0.8636363636363636
bench_recognize_dlib_20260908_0707,dlib,kiem-chuc-nang,0.9466162437769636,22,162,19,0,0,3,162,0.0,0.13636363636363635,0.0,0.9836956521739131,1.0,0.8636363636363636
bench_recognize_dlib_20260908_0707,dlib,kiem-chuc-nang,0.9474218002515822,22,162,19,0,0,3,162,0.0,0.13636363636363635,0.0,0.9836956521739131,1.0,0.8636363636363636
bench_recognize_dlib_20260908_0707,dlib,kiem-chuc-nang,0.9482273567262007,22,162,18,0,0,4,162,0.0,0.18181818181818182,0.0,0.9782608695652174,1.0,0.8181818181818182
bench_recognize_dlib_20260908_0707,dlib,kiem-chuc-nang,0.9490329132008193,22,162,18,0,0,4,162,0.0,0.18181818181818182,0.0,0.9782608695652174,1.0,0.8181818181818182
bench_recognize_dlib_20260908_0707,dlib,kiem-chuc-nang,0.9498384696754378,22,162,18,0,0,4,162,0.0,0.18181818181818182,0.0,0.9782608695652174,1.0,0.8181818181818182
bench_recognize_dlib_20260908_0707,dlib,kiem-chuc-nang,0.9506440261500565,22,162,17,0,0,5,162,0.0,0.22727272727272727,0.0,0.9728260869565217,1.0,0.7727272727272727
bench_recognize_dlib_20260908_0707,dlib,kiem-chuc-nang,0.951449582624675,22,162,17,0,0,5,162,0.0,0.22727272727272727,0.0,0.9728260869565217,1.0,0.7727272727272727
bench_recognize_dlib_20260908_0707,dlib,kiem-chuc-nang,0.9522551390992936,22,162,17,0,0,5,162,0.0,0.22727272727272727,0.0,0.9728260869565217,1.0,0.7727272727272727
bench_recognize_dlib_20260908_0707,dlib,kiem-chuc-nang,0.9530606955739122,22,162,17,0,0,5,162,0.0,0.22727272727272727,0.0,0.9728260869565217,1.0,0.7727272727272727
bench_recognize_dlib_20260908_0707,dlib,kiem-chuc-nang,0.9538662520485308,22,162,17,0,0,5,162,0.0,0.22727272727272727,0.0,0.9728260869565217,1.0,0.7727272727272727
bench_recognize_dlib_20260908_0707,dlib,kiem-chuc-nang,0.9546718085231494,22,162,17,0,0,5,162,0.0,0.22727272727272727,0.0,0.9728260869565217,1.0,0.7727272727272727
bench_recognize_dlib_20260908_0707,dlib,kiem-chuc-nang,0.9554773649977679,22,162,17,0,0,5,162,0.0,0.22727272727272727,0.0,0.9728260869565217,1.0,0.7727272727272727
bench_recognize_dlib_20260908_0707,dlib,kiem-chuc-nang,0.9562829214723865,22,162,17,0,0,5,162,0.0,0.22727272727272727,0.0,0.9728260869565217,1.0,0.7727272727272727
bench_recognize_dlib_20260908_0707,dlib,kiem-chuc-nang,0.957088477947005,22,162,16,0,0,6,162,0.0,0.2727272727272727,0.0,0.967391304347826,1.0,0.7272727272727273
bench_recognize_dlib_20260908_0707,dlib,kiem-chuc-nang,0.9578940344216237,22,162,16,0,0,6,162,0.0,0.2727272727272727,0.0,0.967391304347826,1.0,0.7272727272727273
bench_recognize_dlib_20260908_0707,dlib,kiem-chuc-nang,0.9586995908962422,22,162,15,0,0,7,162,0.0,0.3181818181818182,0.0,0.9619565217391305,1.0,0.6818181818181818
bench_recognize_dlib_20260908_0707,dlib,kiem-chuc-nang,0.9595051473708608,22,162,15,0,0,7,162,0.0,0.3181818181818182,0.0,0.9619565217391305,1.0,0.6818181818181818
bench_recognize_dlib_20260908_0707,dlib,kiem-chuc-nang,0.9603107038454793,22,162,15,0,0,7,162,0.0,0.3181818181818182,0.0,0.9619565217391305,1.0,0.6818181818181818
bench_recognize_dlib_20260908_0707,dlib,kiem-chuc-nang,0.961116260320098,22,162,15,0,0,7,162,0.0,0.3181818181818182,0.0,0.9619565217391305,1.0,0.6818181818181818
bench_recognize_dlib_20260908_0707,dlib,kiem-chuc-nang,0.9619218167947166,22,162,15,0,0,7,162,0.0,0.3181818181818182,0.0,0.9619565217391305,1.0,0.6818181818181818
bench_recognize_dlib_20260908_0707,dlib,kiem-chuc-nang,0.9627273732693351,22,162,15,0,0,7,162,0.0,0.3181818181818182,0.0,0.9619565217391305,1.0,0.6818181818181818
bench_recognize_dlib_20260908_0707,dlib,kiem-chuc-nang,0.9635329297439537,22,162,15,0,0,7,162,0.0,0.3181818181818182,0.0,0.9619565217391305,1.0,0.6818181818181818
bench_recognize_dlib_20260908_0707,dlib,kiem-chuc-nang,0.9643384862185722,22,162,14,0,0,8,162,0.0,0.36363636363636365,0.0,0.9565217391304348,1.0,0.6363636363636364
bench_recognize_dlib_20260908_0707,dlib,kiem-chuc-nang,0.9651440426931909,22,162,14,0,0,8,162,0.0,0.36363636363636365,0.0,0.9565217391304348,1.0,0.6363636363636364
bench_recognize_dlib_20260908_0707,dlib,kiem-chuc-nang,0.9659495991678094,22,162,13,0,0,9,162,0.0,0.4090909090909091,0.0,0.9510869565217391,1.0,0.5909090909090909
bench_recognize_dlib_20260908_0707,dlib,kiem-chuc-nang,0.966755155642428,22,162,11,0,0,11,162,0.0,0.5,0.0,0.9402173913043478,1.0,0.5
bench_recognize_dlib_20260908_0707,dlib,kiem-chuc-nang,0.9675607121170465,22,162,11,0,0,11,162,0.0,0.5,0.0,0.9402173913043478,1.0,0.5
bench_recognize_dlib_20260908_0707,dlib,kiem-chuc-nang,0.9683662685916652,22,162,10,0,0,12,162,0.0,0.5454545454545454,0.0,0.9347826086956522,1.0,0.45454545454545453
bench_recognize_dlib_20260908_0707,dlib,kiem-chuc-nang,0.9691718250662837,22,162,9,0,0,13,162,0.0,0.5909090909090909,0.0,0.9293478260869565,1.0,0.4090909090909091
bench_recognize_dlib_20260908_0707,dlib,kiem-chuc-nang,0.9699773815409023,22,162,8,0,0,14,162,0.0,0.6363636363636364,0.0,0.9239130434782609,1.0,0.36363636363636365
bench_recognize_dlib_20260908_0707,dlib,kiem-chuc-nang,0.9707829380155208,22,162,8,0,0,14,162,0.0,0.6363636363636364,0.0,0.9239130434782609,1.0,0.36363636363636365
bench_recognize_dlib_20260908_0707,dlib,kiem-chuc-nang,0.9715884944901394,22,162,5,0,0,17,162,0.0,0.7727272727272727,0.0,0.907608695652174,1.0,0.22727272727272727
bench_recognize_dlib_20260908_0707,dlib,kiem-chuc-nang,0.9723940509647581,22,162,4,0,0,18,162,0.0,0.8181818181818182,0.0,0.9021739130434783,1.0,0.18181818181818182
bench_recognize_dlib_20260908_0707,dlib,kiem-chuc-nang,0.9731996074393766,22,162,3,0,0,19,162,0.0,0.8636363636363636,0.0,0.8967391304347826,1.0,0.13636363636363635
bench_recognize_dlib_20260908_0707,dlib,kiem-chuc-nang,0.9740051639139952,22,162,3,0,0,19,162,0.0,0.8636363636363636,0.0,0.8967391304347826,1.0,0.13636363636363635
bench_recognize_dlib_20260908_0707,dlib,kiem-chuc-nang,0.9748107203886137,22,162,2,0,0,20,162,0.0,0.9090909090909091,0.0,0.8913043478260869,1.0,0.09090909090909091
bench_recognize_dlib_20260908_0707,dlib,kiem-chuc-nang,0.9756162768632324,22,162,2,0,0,20,162,0.0,0.9090909090909091,0.0,0.8913043478260869,1.0,0.09090909090909091
bench_recognize_dlib_20260908_0707,dlib,kiem-chuc-nang,0.9764218333378509,22,162,2,0,0,20,162,0.0,0.9090909090909091,0.0,0.8913043478260869,1.0,0.09090909090909091
bench_recognize_dlib_20260908_0707,dlib,kiem-chuc-nang,0.9772273898124695,22,162,1,0,0,21,162,0.0,0.9545454545454546,0.0,0.8858695652173914,1.0,0.045454545454545456
