run_id,backend,tap,user_id_that,nhan,anh_bam,top1_user,top1_score,diem_dung_nguoi,so_chieu,latency_trich_ms,latency_so_khop_ms,latency_identify_ms,cpu_temp_c
bench_recognize_dlib_20260908_0707,dlib,kiem-chuc-nang,Abdoulaye_Wade,impostor,d2daffe9cd67,Donald_Rumsfeld,0.835374116897583,,128,668.7553999945521,0.18440000712871552,668.9398000016809,
bench_recognize_dlib_20260908_0707,dlib,kiem-chuc-nang,Adel_Al-Jubeir,impostor,91bcdd897fcd,Vicente_Fox,0.8726385235786438,,128,649.4997000118019,0.1336999994236976,649.6334000112256,
bench_recognize_dlib_20260908_0707,dlib,kiem-chuc-nang,Al_Gore,impostor,e5318d93b5ff,Donald_Rumsfeld,0.8994654417037964,,128,662.1149000129662,0.10729998757597059,662.2222000005422,
bench_recognize_dlib_20260908_0707,dlib,kiem-chuc-nang,Al_Sharpton,impostor,e281b54ec178,Jennifer_Capriati,0.8169216513633728,,128,454.9212999991141,0.07100000220816582,454.9923000013223,
bench_recognize_dlib_20260908_0707,dlib,kiem-chuc-nang,Alejandro_Toledo,impostor,49d4f5b199c2,George_W_Bush,0.8919647932052612,,128,484.78940001223236,0.13789998774882406,484.9272999999812,
bench_recognize_dlib_20260908_0707,dlib,kiem-chuc-nang,Amelie_Mauresmo,impostor,3c242a68ecec,Jennifer_Capriati,0.916721761226654,,128,460.6035000033444,0.06160000339150429,460.6651000067359,
bench_recognize_dlib_20260908_0707,dlib,kiem-chuc-nang,Ana_Guevara,impostor,adc0f9d4bdcf,Jennifer_Capriati,0.8780988454818726,,128,481.57600000558887,0.06779999239370227,481.64379999798257,
bench_recognize_dlib_20260908_0707,dlib,kiem-chuc-nang,Andrew_Weissmann,impostor,ff6e17f6a013,Jiri_Novak,0.8868959546089172,,128,472.4344000132987,0.06809999467805028,472.5025000079768,
bench_recognize_dlib_20260908_0707,dlib,kiem-chuc-nang,Angela_Bassett,impostor,480e5160fb38,Jennifer_Capriati,0.8568757772445679,,128,485.14040000736713,0.06559999019373208,485.20599999756087,
bench_recognize_dlib_20260908_0707,dlib,kiem-chuc-nang,Anna_Kournikova,impostor,df981d4e8631,Jennifer_Capriati,0.8923283219337463,,128,466.1387999949511,0.10550000297371298,466.2442999979248,
bench_recognize_dlib_20260908_0707,dlib,kiem-chuc-nang,Antonio_Banderas,impostor,ce5e2fdc4b3d,Vicente_Fox,0.8733494281768799,,128,482.0172000036109,0.13970000145491213,482.15690000506584,
bench_recognize_dlib_20260908_0707,dlib,kiem-chuc-nang,Antonio_Palocci,impostor,2c8bdcd0eb37,Jacques_Chirac,0.8898906111717224,,128,825.2072000032058,0.1598999951966107,825.3670999984024,
bench_recognize_dlib_20260908_0707,dlib,kiem-chuc-nang,Antonio_Palocci,impostor,09ceb594a6ee,Donald_Rumsfeld,0.8768563270568848,,128,781.5374999918276,0.13220000255387276,781.6696999943815,
bench_recognize_dlib_20260908_0707,dlib,kiem-chuc-nang,Ashanti,impostor,f95dd31e8850,Jennifer_Capriati,0.8822782039642334,,128,679.2859999986831,0.12700000661425292,679.4130000052974,
bench_recognize_dlib_20260908_0707,dlib,kiem-chuc-nang,Aung_San_Suu_Kyi,impostor,f06b747e8c5a,Jennifer_Capriati,0.8981105089187622,,128,594.5712000102503,0.06269999721553177,594.6339000074659,
bench_recognize_dlib_20260908_0707,dlib,kiem-chuc-nang,Bashar_Assad,impostor,137a41357e7c,Jiri_Novak,0.8831703662872314,,128,469.771000003675,0.07999999797903001,469.85100000165403,
bench_recognize_dlib_20260908_0707,dlib,kiem-chuc-nang,Bill_Parcells,impostor,842837561b7d,Jiri_Novak,0.931800365447998,,128,451.2429000023985,0.10959999053739011,451.3524999929359,
bench_recognize_dlib_20260908_0707,dlib,kiem-chuc-nang,Binyamin_Ben-Eliezer,impostor,5743d8ec1e95,Vicente_Fox,0.8877180218696594,,128,452.25059999211226,0.07059999916236848,452.3211999912746,
bench_recognize_dlib_20260908_0707,dlib,kiem-chuc-nang,Bob_Beauprez,impostor,638df93e8acc,Jiri_Novak,0.8995416760444641,,128,472.68950000579935,0.060999998822808266,472.75050000462215,
bench_recognize_dlib_20260908_0707,dlib,kiem-chuc-nang,Bridget_Fonda,impostor,3cb3cf647a20,Jennifer_Capriati,0.8973450660705566,,128,428.8574999955017,0.06370000483002514,428.92120000033174,
bench_recognize_dlib_20260908_0707,dlib,kiem-chuc-nang,Britney_Spears,impostor,92b0ffc06939,Jennifer_Capriati,0.9014697670936584,,128,459.92480000131764,0.06469999789260328,459.98949999921024,
bench_recognize_dlib_20260908_0707,dlib,kiem-chuc-nang,Byron_Scott,impostor,229c10b68edb,Jennifer_Capriati,0.844243586063385,,128,543.5695000051055,0.06819999543949962,543.637700000545,
bench_recognize_dlib_20260908_0707,dlib,kiem-chuc-nang,Candie_Kung,impostor,5a6d588d9a2c,Jennifer_Capriati,0.8703716993331909,,128,718.455800000811,0.08910000906325877,718.5449000098743,
bench_recognize_dlib_20260908_0707,dlib,kiem-chuc-nang,Carlos_Menem,impostor,544192ff5571,Vicente_Fox,0.8831030130386353,,128,613.8198999979068,0.060999998822808266,613.8808999967296,
bench_recognize_dlib_20260908_0707,dlib,kiem-chuc-nang,Carlos_Menem,impostor,cf3a67356c24,Vicente_Fox,0.9038227796554565,,128,539.6792999963509,0.062399994931183755,539.7416999912821,
bench_recognize_dlib_20260908_0707,dlib,kiem-chuc-nang,Carlos_Moya,impostor,58bf8155cfab,George_W_Bush,0.9005106687545776,,128,608.8127999973949,0.1345999917248264,608.9473999891197,
bench_recognize_dlib_20260908_0707,dlib,kiem-chuc-nang,Carlos_Moya,impostor,77ed6f1c3e54,George_W_Bush,0.8776836395263672,,128,573.8253000017721,0.12040000001434237,573.9457000017865,
bench_recognize_dlib_20260908_0707,dlib,kiem-chuc-nang,Carlos_Ortega,impostor,6ccf9ddf2d61,Donald_Rumsfeld,0.8644587397575378,,128,757.1922000061022,0.06609999400097877,757.2583000001032,
bench_recognize_dlib_20260908_0707,dlib,kiem-chuc-nang,Charles_Moose,impostor,16d017088204,Donald_Rumsfeld,0.8320564031600952,,128,438.7311000027694,0.06159998883958906,438.79269999160897,
bench_recognize_dlib_20260908_0707,dlib,kiem-chuc-nang,Charles_Moose,impostor,dbdec8e8d777,Colin_Powell,0.844357967376709,,128,447.47869999264367,0.06070001109037548,447.53940000373404,
bench_recognize_dlib_20260908_0707,dlib,kiem-chuc-nang,Charlotte_Rampling,impostor,886c51d5d5be,Jennifer_Capriati,0.9076210260391235,,128,435.51799999841023,0.07100000220816582,435.5890000006184,
bench_recognize_dlib_20260908_0707,dlib,kiem-chuc-nang,Ciro_Gomes,impostor,3fc842688d15,Jennifer_Capriati,0.8976560831069946,,128,503.0428000027314,0.06189999112393707,503.1046999938553,
bench_recognize_dlib_20260908_0707,dlib,kiem-chuc-nang,Claudia_Pechstein,impostor,e027a511d2f7,Jennifer_Capriati,0.8865211009979248,,128,601.555000001099,0.06149998807813972,601.6164999891771,
bench_recognize_dlib_20260908_0707,dlib,kiem-chuc-nang,Colin_Powell,genuine,1bf2dffe260f,Colin_Powell,0.9712588787078857,0.9712588787078857,128,619.2689000017708,0.1109000004362315,619.379800002207,
bench_recognize_dlib_20260908_0707,dlib,kiem-chuc-nang,Colin_Powell,genuine,6c1379928cf5,Colin_Powell,0.9766173362731934,0.9766173362731934,128,467.6731999934418,0.07069999992381781,467.74389999336563,
bench_recognize_dlib_20260908_0707,dlib,kiem-chuc-nang,Colin_Powell,genuine,b764c49e3628,Colin_Powell,0.9667221307754517,0.9667221307754517,128,444.0778999996837,0.06439999560825527,444.142299995292,
bench_recognize_dlib_20260908_0707,dlib,kiem-chuc-nang,Colin_Powell,genuine,4e5c5f78e150,Colin_Powell,0.9772273898124695,0.9772273898124695,128,608.2155000040075,0.09529999806545675,608.3108000020729,
bench_recognize_dlib_20260908_0707,dlib,kiem-chuc-nang,Colin_Powell,genuine,14b6945b3281,Colin_Powell,0.9582837820053101,0.9582837820053101,128,1070.1817000081064,0.1841999910539016,1070.3658999991603,
bench_recognize_dlib_20260908_0707,dlib,kiem-chuc-nang,Colin_Powell,genuine,db0366d50ed8,Colin_Powell,0.963619589805603,0.963619589805603,128,868.1429000134813,0.3071999963140115,868.4501000097953,
bench_recognize_dlib_20260908_0707,dlib,kiem-chuc-nang,Colin_Powell,genuine,bf2f4cabd1e1,Donald_Rumsfeld,0.903372049331665,0.8888431787490845,128,611.7779999913182,0.08120000711642206,611.8591999984346,
bench_recognize_dlib_20260908_0707,dlib,kiem-chuc-nang,Dalai_Lama,impostor,185d504e69d8,Donald_Rumsfeld,0.873324990272522,,128,746.2269999959972,0.15360000543296337,746.3806000014301,
bench_recognize_dlib_20260908_0707,dlib,kiem-chuc-nang,David_Beckham,impostor,6957dd9b1984,Jennifer_Capriati,0.9084521532058716,,128,779.3881999969017,0.11700000322889537,779.5052000001306,
bench_recognize_dlib_20260908_0707,dlib,kiem-chuc-nang,David_Heyman,impostor,0091974e563f,Jacques_Chirac,0.8968536257743835,,128,1408.7631000002148,0.3480000013951212,1409.1111000016099,
bench_recognize_dlib_20260908_0707,dlib,kiem-chuc-nang,David_Heymann,impostor,9f0073a72bc0,Donald_Rumsfeld,0.9121698141098022,,128,1373.84149999707,0.27099999715574086,1374.1124999942258,
bench_recognize_dlib_20260908_0707,dlib,kiem-chuc-nang,David_Hyde_Pierce,impostor,b939e226be29,Donald_Rumsfeld,0.882047176361084,,128,1410.0635000067996,0.14659999578725547,1410.2101000025868,
bench_recognize_dlib_20260908_0707,dlib,kiem-chuc-nang,Dean_Barkley,impostor,65b3e64f4093,Donald_Rumsfeld,0.9028748273849487,,128,1412.6013000059174,0.1908999984152615,1412.7922000043327,
bench_recognize_dlib_20260908_0707,dlib,kiem-chuc-nang,Dominique_de_Villepin,impostor,18a4404f1f09,Donald_Rumsfeld,0.8717643618583679,,128,1387.3020999890286,0.2040999970631674,1387.5061999860918,
bench_recognize_dlib_20260908_0707,dlib,kiem-chuc-nang,Donald_Rumsfeld,genuine,821d057cf38a,Donald_Rumsfeld,0.9726065397262573,0.9726065397262573,128,1496.8684999912512,0.18190000264439732,1497.0503999938956,
bench_recognize_dlib_20260908_0707,dlib,kiem-chuc-nang,Edmund_Stoiber,impostor,63f6937788c1,Donald_Rumsfeld,0.9013699293136597,,128,1393.5575000068638,0.3330000035930425,1393.890500010457,
bench_recognize_dlib_20260908_0707,dlib,kiem-chuc-nang,Elsa_Zylberstein,impostor,d2a189ba2843,Jennifer_Capriati,0.8957390189170837,,128,1436.8596999993315,0.18889999773819,1437.0485999970697,
bench_recognize_dlib_20260908_0707,dlib,kiem-chuc-nang,Emma_Thompson,impostor,b3107f9bf650,Jennifer_Capriati,0.8903571963310242,,128,1385.7241999940015,0.3352000057930127,1386.0593999997946,
bench_recognize_dlib_20260908_0707,dlib,kiem-chuc-nang,Emma_Thompson,impostor,ac072816acac,Jennifer_Capriati,0.880281388759613,,128,1380.9577000065474,0.18990000535268337,1381.1476000119,
bench_recognize_dlib_20260908_0707,dlib,kiem-chuc-nang,Ethan_Hawke,impostor,2f1fd029383d,Jiri_Novak,0.8962518572807312,,128,880.9965000109514,0.061399987316690385,881.0578999982681,
bench_recognize_dlib_20260908_0707,dlib,kiem-chuc-nang,Gary_Locke,impostor,b8c96371c502,George_W_Bush,0.8775236010551453,,128,491.75190000096336,0.06569999095518142,491.81759999191854,
bench_recognize_dlib_20260908_0707,dlib,kiem-chuc-nang,George_HW_Bush,impostor,c6c4e217030e,Donald_Rumsfeld,0.9196215271949768,,128,451.8592999957036,0.062000006437301636,451.9213000021409,
bench_recognize_dlib_20260908_0707,dlib,kiem-chuc-nang,George_Robertson,impostor,0a1415b07b4a,Meryl_Streep,0.8738428354263306,,128,486.7095999943558,0.07080000068526715,486.7803999950411,
bench_recognize_dlib_20260908_0707,dlib,kiem-chuc-nang,George_W_Bush,genuine,96dabc5f9e3d,George_W_Bush,0.9569589495658875,0.9569589495658875,128,479.899399986607,0.06410000787582248,479.96349999448285,
bench_recognize_dlib_20260908_0707,dlib,kiem-chuc-nang,George_W_Bush,genuine,e252b651a63a,George_W_Bush,0.9441450834274292,0.9441450834274292,128,480.1427999918815,0.06130000110715628,480.20409999298863,
bench_recognize_dlib_20260908_0707,dlib,kiem-chuc-nang,George_W_Bush,genuine,b748e7760eea,George_W_Bush,0.972302258014679,0.972302258014679,128,470.12509999331087,0.06340000254567713,470.18849999585655,
bench_recognize_dlib_20260908_0707,dlib,kiem-chuc-nang,George_W_Bush,genuine,c42a5d7f5974,George_W_Bush,0.9686423540115356,0.9686423540115356,128,442.27679999312386,0.09810000483412296,442.374899997958,
bench_recognize_dlib_20260908_0707,dlib,kiem-chuc-nang,George_W_Bush,genuine,e1f3620562c6,George_W_Bush,0.9680399894714355,0.9680399894714355,128,500.8021999965422,0.11310000263620168,500.9152999991784,
bench_recognize_dlib_20260908_0707,dlib,kiem-chuc-nang,George_W_Bush,genuine,d9d8e5d57a55,George_W_Bush,0.9660851359367371,0.9660851359367371,128,508.5600999882445,0.11560000712051988,508.675699995365,
bench_recognize_dlib_20260908_0707,dlib,kiem-chuc-nang,George_W_Bush,genuine,f63c6d20bbfd,George_W_Bush,0.9744037985801697,0.9744037985801697,128,492.4923999933526,0.07000000914558768,492.5624000024982,
bench_recognize_dlib_20260908_0707,dlib,kiem-chuc-nang,Gerhard_Schroeder,impostor,7e71a937bb75,Vicente_Fox,0.9122895002365112,,128,625.3221999941161,0.1171000039903447,625.4392999981064,
bench_recognize_dlib_20260908_0707,dlib,kiem-chuc-nang,Gerry_Adams,impostor,438dd976c677,Donald_Rumsfeld,0.8861764669418335,,128,649.4074000074761,0.13479999324772507,649.5422000007238,
bench_recognize_dlib_20260908_0707,dlib,kiem-chuc-nang,Gerry_Adams,impostor,f6f084886c91,Vicente_Fox,0.8880771398544312,,128,615.7555999961914,0.15140000323299319,615.9069999994244,
bench_recognize_dlib_20260908_0707,dlib,kiem-chuc-nang,Gloria_Allred,impostor,f0bbf91142e4,Jennifer_Capriati,0.8939996361732483,,128,629.3258000077913,0.0686999992467463,629.394500007038,
bench_recognize_dlib_20260908_0707,dlib,kiem-chuc-nang,Gregory_Geoffroy,impostor,83a41ecbefa1,Donald_Rumsfeld,0.8898041248321533,,128,499.4563000072958,0.06189999112393707,499.51819999841973,
bench_recognize_dlib_20260908_0707,dlib,kiem-chuc-nang,Guillermo_Coria,impostor,55829bb4ce20,George_W_Bush,0.8896531462669373,,128,523.0982999928528,0.1453000004403293,523.2435999932932,
bench_recognize_dlib_20260908_0707,dlib,kiem-chuc-nang,Guillermo_Coria,impostor,b74080f6c0cc,Jennifer_Capriati,0.8909634947776794,,128,486.06850000214763,0.06160000339150429,486.13010000553913,
bench_recognize_dlib_20260908_0707,dlib,kiem-chuc-nang,Gunter_Pleuger,impostor,2ae95ba09a51,Donald_Rumsfeld,0.9023414254188538,,128,471.74799999629613,0.07890000415500253,471.82690000045113,
bench_recognize_dlib_20260908_0707,dlib,kiem-chuc-nang,Hal_Gehman,impostor,f9d7db8b7287,Donald_Rumsfeld,0.8987475633621216,,128,464.21010000631213,0.06510000093840063,464.27520000725053,
bench_recognize_dlib_20260908_0707,dlib,kiem-chuc-nang,Halle_Berry,impostor,9b158f5d0096,Jennifer_Capriati,0.885043740272522,,128,434.6919999952661,0.0602000072831288,434.7522000025492,
bench_recognize_dlib_20260908_0707,dlib,kiem-chuc-nang,Hans_Blix,impostor,c01181268e69,Colin_Powell,0.9052795171737671,,128,471.3253999943845,0.07940000796224922,471.40480000234675,
bench_recognize_dlib_20260908_0707,dlib,kiem-chuc-nang,Hans_Blix,impostor,ad9c02171c76,Colin_Powell,0.902263879776001,,128,698.0573000037111,0.06289999873843044,698.1202000024496,
bench_recognize_dlib_20260908_0707,dlib,kiem-chuc-nang,Hans_Eichel,impostor,c0b0361f77e5,George_W_Bush,0.9135138392448425,,128,639.8806000070181,0.06320000102277845,639.9438000080409,
bench_recognize_dlib_20260908_0707,dlib,kiem-chuc-nang,Harrison_Ford,impostor,d26ff4484af8,Jiri_Novak,0.9043269157409668,,128,662.2883999953046,0.12490000517573208,662.4133000004804,
bench_recognize_dlib_20260908_0707,dlib,kiem-chuc-nang,Harrison_Ford,impostor,e97123e613d7,Jiri_Novak,0.9110300540924072,,128,526.7101999925217,0.22139999782666564,526.9315999903483,
bench_recognize_dlib_20260908_0707,dlib,kiem-chuc-nang,Heinz_Feldmann,impostor,810a948a7a7f,George_W_Bush,0.905128002166748,,128,683.0934999888996,0.11570000788196921,683.2091999967815,
bench_recognize_dlib_20260908_0707,dlib,kiem-chuc-nang,Herta_Daeubler-Gmelin,impostor,21f28b0a0e4b,Meryl_Streep,0.9033256769180298,,128,657.630000001518,0.11059999815188348,657.7405999996699,
bench_recognize_dlib_20260908_0707,dlib,kiem-chuc-nang,Hosni_Mubarak,impostor,5f80bea6b955,George_W_Bush,0.863959550857544,,128,681.1675999924773,0.06350000330712646,681.2310999957845,
bench_recognize_dlib_20260908_0707,dlib,kiem-chuc-nang,Howard_Schultz,impostor,eb9aefd3e7af,George_W_Bush,0.8912774920463562,,128,581.2010999943595,0.061700004152953625,581.2627999985125,
bench_recognize_dlib_20260908_0707,dlib,kiem-chuc-nang,Howard_Smith,impostor,7565bbe65b05,Jiri_Novak,0.8972063064575195,,128,457.9605999897467,0.06210000719875097,458.02269999694545,
bench_recognize_dlib_20260908_0707,dlib,kiem-chuc-nang,Hugh_Grant,impostor,5534e8902ccc,Jiri_Novak,0.906050443649292,,128,459.0442000044277,0.061400001868605614,459.1056000062963,
bench_recognize_dlib_20260908_0707,dlib,kiem-chuc-nang,Hugo_Chavez,impostor,24532167c64d,George_W_Bush,0.9170844554901123,,128,442.09130000672303,0.07019999611657113,442.1615000028396,
bench_recognize_dlib_20260908_0707,dlib,kiem-chuc-nang,Hugo_Chavez,impostor,010ba1b19a85,George_W_Bush,0.8980036973953247,,128,517.5262000120711,0.06149998807813972,517.5877000001492,
bench_recognize_dlib_20260908_0707,dlib,kiem-chuc-nang,Inam-ul-Haq,impostor,1c20bd05b82a,Donald_Rumsfeld,0.8666811585426331,,128,696.7535000003409,0.17780000052880496,696.9313000008697,
bench_recognize_dlib_20260908_0707,dlib,kiem-chuc-nang,Jack_Straw,impostor,11e8969dcbcb,Donald_Rumsfeld,0.899736762046814,,128,559.6725000068545,0.06029999349266291,559.7328000003472,
bench_recognize_dlib_20260908_0707,dlib,kiem-chuc-nang,Jack_Straw,impostor,749237baf024,Donald_Rumsfeld,0.9054436087608337,,128,478.9689000026556,0.06410000787582248,479.0330000105314,
bench_recognize_dlib_20260908_0707,dlib,kiem-chuc-nang,Jacques_Chirac,genuine,079737732c9a,Jacques_Chirac,0.965919017791748,0.965919017791748,128,478.9886999933515,0.10600000678095967,479.09470000013243,
bench_recognize_dlib_20260908_0707,dlib,kiem-chuc-nang,James_Blake,impostor,e65aebc04f40,Jiri_Novak,0.8736588358879089,,128,603.5700000065845,0.06180000491440296,603.6318000114989,
bench_recognize_dlib_20260908_0707,dlib,kiem-chuc-nang,James_Franco,impostor,26526b65ae20,Jennifer_Capriati,0.8771992921829224,,128,652.9362000001129,0.1664000010350719,653.102600001148,
bench_recognize_dlib_20260908_0707,dlib,kiem-chuc-nang,Jane_Fonda,impostor,56a71089fe7a,Jennifer_Capriati,0.9064216613769531,,128,675.5209999973886,0.10099999781232327,675.6219999952009,
bench_recognize_dlib_20260908_0707,dlib,kiem-chuc-nang,Jeffrey_Immelt,impostor,7041737f2c06,George_W_Bush,0.9031766057014465,,128,755.3711999935331,0.12070000229869038,755.4918999958318,
bench_recognize_dlib_20260908_0707,dlib,kiem-chuc-nang,Jelena_Dokic,impostor,756328d0df5d,Jennifer_Capriati,0.9284706711769104,,128,718.3988000033423,0.12509999214671552,718.523899995489,
bench_recognize_dlib_20260908_0707,dlib,kiem-chuc-nang,Jennifer_Aniston,impostor,f580c8eaf352,Jennifer_Capriati,0.9206523299217224,,128,681.8985999998404,0.06330000178422779,681.9619000016246,
bench_recognize_dlib_20260908_0707,dlib,kiem-chuc-nang,Jennifer_Capriati,genuine,f47ed1b5aeb4,Jennifer_Capriati,0.9481403827667236,0.9481403827667236,128,850.8066000067629,0.13109999417793006,850.9377000009408,
bench_recognize_dlib_20260908_0707,dlib,kiem-chuc-nang,Jennifer_Capriati,genuine,f72ed6b8c8cb,Jennifer_Capriati,0.9502705931663513,0.9502705931663513,128,557.0208999997703,0.22159999934956431,557.2424999991199,
bench_recognize_dlib_20260908_0707,dlib,kiem-chuc-nang,Jennifer_Garner,impostor,122df3940b8b,Jennifer_Capriati,0.9151400923728943,,128,606.9893000094453,0.1264000020455569,607.1157000114908,
bench_recognize_dlib_20260908_0707,dlib,kiem-chuc-nang,Jennifer_Reilly,impostor,ff84601f3a15,Jennifer_Capriati,0.9273467659950256,,128,460.350199995446,0.06690000009257346,460.4170999955386,
bench_recognize_dlib_20260908_0707,dlib,kiem-chuc-nang,Jiang_Zemin,impostor,b42ab2e1f702,Colin_Powell,0.8941906094551086,,128,457.0654000126524,0.06299999949987978,457.12840001215227,
bench_recognize_dlib_20260908_0707,dlib,kiem-chuc-nang,Jiri_Novak,genuine,227957690176,Jiri_Novak,0.9710904955863953,0.9710904955863953,128,473.14210000331514,0.06900000153109431,473.21110000484623,
bench_recognize_dlib_20260908_0707,dlib,kiem-chuc-nang,Jiri_Novak,genuine,c9bb0222b3f9,Jiri_Novak,0.9711210131645203,0.9711210131645203,128,459.2583000048762,0.06299999949987978,459.3213000043761,
bench_recognize_dlib_20260908_0707,dlib,kiem-chuc-nang,John_Howard,impostor,0c351989cba0,Donald_Rumsfeld,0.9334350824356079,,128,684.1951999958837,0.109200002043508,684.3043999979272,
bench_recognize_dlib_20260908_0707,dlib,kiem-chuc-nang,John_Negroponte,impostor,d1ed96a80850,Donald_Rumsfeld,0.9207660555839539,,128,629.2477000097279,0.11029999586753547,629.3580000055954,
bench_recognize_dlib_20260908_0707,dlib,kiem-chuc-nang,John_Negroponte,impostor,aace532d8b46,Donald_Rumsfeld,0.8942338824272156,,128,649.2213000019547,0.10430000838823617,649.3256000103429,
bench_recognize_dlib_20260908_0707,dlib,kiem-chuc-nang,John_Travolta,impostor,a17ed99d0813,Colin_Powell,0.9046080112457275,,128,436.4060000079917,0.23979999241419137,436.64580000040587,
bench_recognize_dlib_20260908_0707,dlib,kiem-chuc-nang,Juan_Carlos_Ferrero,impostor,cd02761c93a7,Meryl_Streep,0.8810616731643677,,128,462.12300000479445,0.0610999995842576,462.1841000043787,
bench_recognize_dlib_20260908_0707,dlib,kiem-chuc-nang,Julianne_Moore,impostor,fc33bf7eafd5,Meryl_Streep,0.9130728244781494,,128,625.553799996851,0.11919999087695032,625.672999987728,
bench_recognize_dlib_20260908_0707,dlib,kiem-chuc-nang,Junichiro_Koizumi,impostor,3656a08478de,George_W_Bush,0.8807603120803833,,128,628.5258999996586,0.06320000102277845,628.5891000006814,
bench_recognize_dlib_20260908_0707,dlib,kiem-chuc-nang,Junichiro_Koizumi,impostor,87485e1d258f,Donald_Rumsfeld,0.8751683235168457,,128,758.5954999958631,0.07650000043213367,758.6719999962952,
bench_recognize_dlib_20260908_0707,dlib,kiem-chuc-nang,Kent_Rominger,impostor,105f224ce642,George_W_Bush,0.8914600610733032,,128,494.5043999905465,0.06289999873843044,494.56729998928495,
bench_recognize_dlib_20260908_0707,dlib,kiem-chuc-nang,Kevin_Costner,impostor,663e64c450b7,Donald_Rumsfeld,0.9137423634529114,,128,416.62790000555106,0.17929999739862978,416.8072000029497,
bench_recognize_dlib_20260908_0707,dlib,kiem-chuc-nang,Kofi_Annan,impostor,c2fc407118d2,Colin_Powell,0.8231323957443237,,128,499.5628999895416,0.06390000635292381,499.62679999589454,
bench_recognize_dlib_20260908_0707,dlib,kiem-chuc-nang,Laura_Bush,impostor,af77161fef58,Jennifer_Capriati,0.9117387533187866,,128,469.8378000030061,0.06459999713115394,469.9024000001373,
bench_recognize_dlib_20260908_0707,dlib,kiem-chuc-nang,Laura_Bush,impostor,bf9c654bb95d,Jennifer_Capriati,0.9019829630851746,,128,484.4589999993332,0.0610999995842576,484.52009999891743,
bench_recognize_dlib_20260908_0707,dlib,kiem-chuc-nang,LeAnn_Rimes,impostor,68e4e8581989,Jennifer_Capriati,0.8840207457542419,,128,461.8550999875879,0.06250001024454832,461.91759999783244,
bench_recognize_dlib_20260908_0707,dlib,kiem-chuc-nang,LeAnn_Rimes,impostor,b15e460e65d9,Jennifer_Capriati,0.8571641445159912,,128,435.45230000745505,0.12670000432990491,435.57900001178496,
bench_recognize_dlib_20260908_0707,dlib,kiem-chuc-nang,Li_Peng,impostor,f405845bdd0d,Donald_Rumsfeld,0.879621148109436,,128,479.5164999959525,0.06399999256245792,479.58049998851493,
bench_recognize_dlib_20260908_0707,dlib,kiem-chuc-nang,Luiz_Inacio_Lula_da_Silva,impostor,8fba19d5dab7,Jacques_Chirac,0.9017371535301208,,128,466.82859999418724,0.06079999729990959,466.88939999148715,
bench_recognize_dlib_20260908_0707,dlib,kiem-chuc-nang,Madonna,impostor,c2d91b84ac16,Meryl_Streep,0.8975061178207397,,128,439.00899999425747,0.0619000056758523,439.0708999999333,
bench_recognize_dlib_20260908_0707,dlib,kiem-chuc-nang,Mahmoud_Abbas,impostor,d792a57df8b5,Donald_Rumsfeld,0.8865792751312256,,128,437.5816000101622,0.06330000178422779,437.64490001194645,
bench_recognize_dlib_20260908_0707,dlib,kiem-chuc-nang,Mahmoud_Abbas,impostor,d91040b0be6f,Donald_Rumsfeld,0.8876039385795593,,128,459.70420000958256,0.06340000254567713,459.76760001212824,
bench_recognize_dlib_20260908_0707,dlib,kiem-chuc-nang,Marc_Grossman,impostor,f8d82e18b3f9,Jacques_Chirac,0.9001393914222717,,128,548.293100000592,0.13169999874662608,548.4247999993386,
bench_recognize_dlib_20260908_0707,dlib,kiem-chuc-nang,Maria_Shriver,impostor,db819a9b133c,Jennifer_Capriati,0.9092892408370972,,128,483.05129999062046,0.09940000018104911,483.1506999908015,
bench_recognize_dlib_20260908_0707,dlib,kiem-chuc-nang,Martha_Bowen,impostor,3901e8b40056,Jennifer_Capriati,0.8926874399185181,,128,468.7706000113394,0.06299999949987978,468.8336000108393,
bench_recognize_dlib_20260908_0707,dlib,kiem-chuc-nang,Mary-Kate_Olsen,impostor,832cd22e7c11,Jennifer_Capriati,0.8730305433273315,,128,626.5237000043271,0.11369999265298247,626.6373999969801,
bench_recognize_dlib_20260908_0707,dlib,kiem-chuc-nang,Mary_Landrieu,impostor,8076a3bc7cef,Jennifer_Capriati,0.9132722616195679,,128,518.5711999947671,0.08150000940077007,518.6527000041679,
bench_recognize_dlib_20260908_0707,dlib,kiem-chuc-nang,Megawati_Sukarnoputri,impostor,69340fb5aa74,Jennifer_Capriati,0.8585473895072937,,128,500.23370000417344,0.06179999036248773,500.29549999453593,
bench_recognize_dlib_20260908_0707,dlib,kiem-chuc-nang,Meryl_Streep,genuine,d1b8fdf97e6d,Meryl_Streep,0.938984751701355,0.938984751701355,128,643.7409000063781,0.20840000070165843,643.9493000070797,
bench_recognize_dlib_20260908_0707,dlib,kiem-chuc-nang,Michael_Bloomberg,impostor,d8000b500d68,George_W_Bush,0.9166913032531738,,128,551.2960000050953,0.29409999842755497,551.5901000035228,
bench_recognize_dlib_20260908_0707,dlib,kiem-chuc-nang,Michael_Leavitt,impostor,b13a1f20bc14,Jacques_Chirac,0.9167236685752869,,128,527.4993000057293,0.062000006437301636,527.5613000121666,
bench_recognize_dlib_20260908_0707,dlib,kiem-chuc-nang,Mohammad_Khatami,impostor,2d12082a1bf4,George_W_Bush,0.8865456581115723,,128,702.2780000115745,0.1396999869029969,702.4176999984775,
bench_recognize_dlib_20260908_0707,dlib,kiem-chuc-nang,Muhammad_Ali,impostor,170d4ab08264,Jennifer_Capriati,0.864729106426239,,128,646.2044000072638,0.08579999848734587,646.2902000057511,
bench_recognize_dlib_20260908_0707,dlib,kiem-chuc-nang,Muhammad_Saeed_al-Sahhaf,impostor,96baf5f9407e,Vicente_Fox,0.8945603370666504,,128,618.7989000027301,0.10200000542681664,618.9009000081569,
bench_recognize_dlib_20260908_0707,dlib,kiem-chuc-nang,Nan_Wang,impostor,74309910a147,Jennifer_Capriati,0.8737314343452454,,128,491.7886999901384,0.12490000517573208,491.91359999531414,
bench_recognize_dlib_20260908_0707,dlib,kiem-chuc-nang,Nestor_Kirchner,impostor,f001cd4781ba,Jacques_Chirac,0.8880568146705627,,128,432.5542000005953,0.06330000178422779,432.61750000237953,
bench_recognize_dlib_20260908_0707,dlib,kiem-chuc-nang,Patricia_Clarkson,impostor,d35a79f659ca,Meryl_Streep,0.9141368269920349,,128,461.4094999997178,0.06249999569263309,461.47199999541044,
bench_recognize_dlib_20260908_0707,dlib,kiem-chuc-nang,Paul_Bremer,impostor,6dd37687bbd0,George_W_Bush,0.932205855846405,,128,431.4043999911519,0.062400009483098984,431.466800000635,
bench_recognize_dlib_20260908_0707,dlib,kiem-chuc-nang,Paul_Bremer,impostor,93d452d29f90,Jiri_Novak,0.9213433861732483,,128,504.5494000078179,0.06819999543949962,504.6176000032574,
bench_recognize_dlib_20260908_0707,dlib,kiem-chuc-nang,Paul_Burrell,impostor,add6bba473a8,Vicente_Fox,0.8872499465942383,,128,469.3392000044696,0.060699996538460255,469.39990000100806,
bench_recognize_dlib_20260908_0707,dlib,kiem-chuc-nang,Paul_Gascoigne,impostor,1029b2db1dcd,Jiri_Novak,0.9208397269248962,,128,735.217499997816,0.07270000060088933,735.2901999984169,
bench_recognize_dlib_20260908_0707,dlib,kiem-chuc-nang,Pedro_Solbes,impostor,ed2f153b017d,Vicente_Fox,0.8915119171142578,,128,707.4369999900227,0.12760001118294895,707.5646000012057,
bench_recognize_dlib_20260908_0707,dlib,kiem-chuc-nang,Pete_Sampras,impostor,41e69df19603,Donald_Rumsfeld,0.8688587546348572,,128,561.4830999984406,0.06600000779144466,561.549100006232,
bench_recognize_dlib_20260908_0707,dlib,kiem-chuc-nang,Pierre_Pettigrew,impostor,bda019365fa4,Donald_Rumsfeld,0.899881899356842,,128,643.7711000035051,0.0610999995842576,643.8322000030894,
bench_recognize_dlib_20260908_0707,dlib,kiem-chuc-nang,Queen_Elizabeth_II,impostor,89e2a24233e3,Jennifer_Capriati,0.9083355069160461,,128,727.7772999950685,0.08340000931639224,727.8607000043849,
bench_recognize_dlib_20260908_0707,dlib,kiem-chuc-nang,Richard_Armitage,impostor,e895073161da,George_W_Bush,0.8910436034202576,,128,544.7204999945825,0.13390000094659626,544.8543999955291,
bench_recognize_dlib_20260908_0707,dlib,kiem-chuc-nang,Richard_Myers,impostor,56d302705c2e,Jiri_Novak,0.9226654171943665,,128,537.2720999876037,0.062700011767447,537.3347999993712,
bench_recognize_dlib_20260908_0707,dlib,kiem-chuc-nang,Richie_Adubato,impostor,67644ebfd4ab,Meryl_Streep,0.8855921626091003,,128,467.9706999886548,0.06410000787582248,468.03479999653064,
bench_recognize_dlib_20260908_0707,dlib,kiem-chuc-nang,Rick_Carlisle,impostor,1a11740bfd74,Vicente_Fox,0.8787412643432617,,128,435.556299999007,0.145800004247576,435.7021000032546,
bench_recognize_dlib_20260908_0707,dlib,kiem-chuc-nang,Robert_De_Niro,impostor,bbcb9dc8e8d2,Vicente_Fox,0.8816574215888977,,128,456.68069999373984,0.06220000796020031,456.74290000170004,
bench_recognize_dlib_20260908_0707,dlib,kiem-chuc-nang,Robert_Duvall,impostor,d09ade54c131,Donald_Rumsfeld,0.8937255144119263,,128,432.3203999956604,0.0610999995842576,432.38149999524467,
bench_recognize_dlib_20260908_0707,dlib,kiem-chuc-nang,Roberto_Carlos,impostor,6b2cdc339ee1,George_W_Bush,0.8734673261642456,,128,501.5759999951115,0.062000006437301636,501.6380000015488,
bench_recognize_dlib_20260908_0707,dlib,kiem-chuc-nang,Ron_Dittemore,impostor,3d82238bb09f,Donald_Rumsfeld,0.9103648662567139,,128,453.78229999914765,0.11220001033507288,453.8945000094827,
bench_recognize_dlib_20260908_0707,dlib,kiem-chuc-nang,Russell_Coutts,impostor,9fbf7e39709e,Jiri_Novak,0.8935075998306274,,128,673.1064999912633,0.06420000863727182,673.1706999999005,
bench_recognize_dlib_20260908_0707,dlib,kiem-chuc-nang,Russell_Simmons,impostor,4d20caffa31c,Jennifer_Capriati,0.867967426776886,,128,731.7852999985917,0.07660000119358301,731.8618999997852,
bench_recognize_dlib_20260908_0707,dlib,kiem-chuc-nang,Saddam_Hussein,impostor,5ff2cb33d7c1,Vicente_Fox,0.8923634886741638,,128,555.125599988969,0.22090000857133418,555.3464999975404,
bench_recognize_dlib_20260908_0707,dlib,kiem-chuc-nang,Serena_Williams,impostor,06c602857d0f,Jennifer_Capriati,0.8492799401283264,,128,610.3353000071365,0.1348999940091744,610.4702000011457,
bench_recognize_dlib_20260908_0707,dlib,kiem-chuc-nang,Sergey_Lavrov,impostor,919cdbd3945a,Donald_Rumsfeld,0.9158244132995605,,128,753.5867999977199,0.09650000720284879,753.6833000049228,
bench_recognize_dlib_20260908_0707,dlib,kiem-chuc-nang,Shaul_Mofaz,impostor,d6272d3ddddb,Vicente_Fox,0.9034281969070435,,128,577.901099997689,0.06330000178422779,577.9643999994732,
bench_recognize_dlib_20260908_0707,dlib,kiem-chuc-nang,Slobodan_Milosevic,impostor,9bca5cc394e1,Jacques_Chirac,0.886654257774353,,128,480.78670000541024,0.06120000034570694,480.84790000575595,
bench_recognize_dlib_20260908_0707,dlib,kiem-chuc-nang,Steven_Spielberg,impostor,b7fc158d70ff,Donald_Rumsfeld,0.8748526573181152,,128,460.6417000031797,0.06320000102277845,460.7049000042025,
bench_recognize_dlib_20260908_0707,dlib,kiem-chuc-nang,Susilo_Bambang_Yudhoyono,impostor,71d27524fbe8,Jennifer_Capriati,0.8714598417282104,,128,471.07909999613184,0.12909999350085855,471.2081999896327,
bench_recognize_dlib_20260908_0707,dlib,kiem-chuc-nang,Thaksin_Shinawatra,impostor,99a260a8b639,Jennifer_Capriati,0.8605565428733826,,128,444.67740000982303,0.06269999721553177,444.74010000703856,
bench_recognize_dlib_20260908_0707,dlib,kiem-chuc-nang,Thomas_Wyman,impostor,ddf1e293e83b,Jiri_Novak,0.9060162901878357,,128,481.35220000403933,0.06479999865405262,481.4170000026934,
bench_recognize_dlib_20260908_0707,dlib,kiem-chuc-nang,Tim_Conway,impostor,8eccf933fd7b,Jennifer_Capriati,0.90516197681427,,128,472.9807000112487,0.13549999857787043,473.11620000982657,
bench_recognize_dlib_20260908_0707,dlib,kiem-chuc-nang,Tom_Daschle,impostor,227ba198d496,Donald_Rumsfeld,0.9143956899642944,,128,665.8446000074036,0.13439999020192772,665.9789999976056,
bench_recognize_dlib_20260908_0707,dlib,kiem-chuc-nang,Tom_Ridge,impostor,dbeb2bb7bf6a,Jacques_Chirac,0.8762405514717102,,128,642.2266999870772,0.12590001279022545,642.3525999998674,
bench_recognize_dlib_20260908_0707,dlib,kiem-chuc-nang,Tony_Blair,impostor,e0e71a6dac02,George_W_Bush,0.9047862887382507,,128,651.3388000021223,0.12900000729132444,651.4678000094136,
bench_recognize_dlib_20260908_0707,dlib,kiem-chuc-nang,Tony_Blair,impostor,8250290558d3,Colin_Powell,0.9212483167648315,,128,672.6055000035558,0.06199999188538641,672.6674999954412,
bench_recognize_dlib_20260908_0707,dlib,kiem-chuc-nang,Tony_Shalhoub,impostor,6bc071c7483c,Donald_Rumsfeld,0.9010500311851501,,128,598.5532999911811,0.13440000475384295,598.687699995935,
bench_recognize_dlib_20260908_0707,dlib,kiem-chuc-nang,Tung_Chee-hwa,impostor,0b69646d7d3a,George_W_Bush,0.8368653059005737,,128,809.5520999922883,0.1250000059371814,809.6770999982255,
bench_recognize_dlib_20260908_0707,dlib,kiem-chuc-nang,Vaclav_Havel,impostor,fcc49baf4f20,Donald_Rumsfeld,0.9187359809875488,,128,716.0219999932451,0.06890000076964498,716.0908999940148,
bench_recognize_dlib_20260908_0707,dlib,kiem-chuc-nang,Venus_Williams,impostor,8874cdc63307,Donald_Rumsfeld,0.8429750204086304,,128,713.0238999961875,0.13669999316334724,713.1605999893509,
bench_recognize_dlib_20260908_0707,dlib,kiem-chuc-nang,Venus_Williams,impostor,5c52c22610a8,Jennifer_Capriati,0.8711928725242615,,128,676.0290000092937,0.109200002043508,676.1382000113372,
bench_recognize_dlib_20260908_0707,dlib,kiem-chuc-nang,Vicente_Fox,genuine,f1376ab1183c,Vicente_Fox,0.9699522256851196,0.9699522256851196,128,730.5721000011545,0.2460999967297539,730.8181999978842,
bench_recognize_dlib_20260908_0707,dlib,kiem-chuc-nang,Vicki_Zhao_Wei,impostor,adc1b86aa5cb,Jennifer_Capriati,0.8433769941329956,,128,802.9742000071565,0.13349999790079892,803.1077000050573,
bench_recognize_dlib_20260908_0707,dlib,kiem-chuc-nang,Vladimiro_Montesinos,impostor,63344bdf5cb6,Vicente_Fox,0.9227018356323242,,128,655.1171000028262,0.06150000263005495,655.1786000054562,
bench_recognize_dlib_20260908_0707,dlib,kiem-chuc-nang,Vojislav_Kostunica,impostor,26ddd075d38b,Jacques_Chirac,0.8838816285133362,,128,521.55770000536,0.06269999721553177,521.6204000025755,
bench_recognize_dlib_20260908_0707,dlib,kiem-chuc-nang,William_Hochul,impostor,1b4bbdf13b71,George_W_Bush,0.9073270559310913,,128,695.2500999905169,0.1286000042455271,695.3786999947624,
bench_recognize_dlib_20260908_0707,dlib,kiem-chuc-nang,Winona_Ryder,impostor,4d2968af5d40,Meryl_Streep,0.8963513374328613,,128,658.041000002413,0.10140000085812062,658.1424000032712,
bench_recognize_dlib_20260908_0707,dlib,kiem-chuc-nang,Xavier_Malisse,impostor,3149d9488864,Jiri_Novak,0.8926261067390442,,128,690.044000002672,0.1255999959539622,690.1695999986259,
bench_recognize_dlib_20260908_0707,dlib,kiem-chuc-nang,Yao_Ming,impostor,c2aac4aa11ff,George_W_Bush,0.8540367484092712,,128,635.0829000002705,0.15419999544974416,635.2370999957202,
bench_recognize_dlib_20260908_0707,dlib,kiem-chuc-nang,Yu_Shyi-kun,impostor,6ff6995b89c3,Colin_Powell,0.8808169364929199,,128,574.2002000042703,0.10689999908208847,574.3071000033524,
