run_id,backend,imgsz,threads,sample_idx,latency_ms,fps_instant,n_faces,conf_top,cpu_temp_c
bench_detect_20260819_1453,onnx,320,1,0,46.49040004005656,21.509817061982492,3,0.8670165538787842,
bench_detect_20260819_1453,onnx,320,1,1,48.91609994228929,20.443166997773528,1,0.8328515291213989,
bench_detect_20260819_1453,onnx,320,1,2,67.2537999926135,14.869048293328113,2,0.8697807192802429,
bench_detect_20260819_1453,onnx,320,1,3,71.77520002005622,13.932388899237745,1,0.8827570080757141,
bench_detect_20260819_1453,onnx,320,1,4,73.66380002349615,13.57518889442352,1,0.8138214349746704,
bench_detect_20260819_1453,onnx,320,1,5,77.02739996602759,12.982393283961853,1,0.8523721694946289,
bench_detect_20260819_1453,onnx,320,1,6,72.21060001756996,13.848382367085781,1,0.855189323425293,
bench_detect_20260819_1453,onnx,320,1,7,71.84119999874383,13.919589316680197,2,0.8453751802444458,
bench_detect_20260819_1453,onnx,320,1,8,71.8017999897711,13.927227453106472,1,0.8628569841384888,
bench_detect_20260819_1453,onnx,320,1,9,71.39389996882528,14.00679890630233,1,0.8440912365913391,
bench_detect_20260819_1453,onnx,320,1,10,71.68599998112768,13.949725194086206,1,0.831957995891571,
bench_detect_20260819_1453,onnx,320,1,11,71.93959999131039,13.900549907433325,2,0.8591516613960266,
bench_detect_20260819_1453,onnx,320,1,12,69.44290001410991,14.400320260196692,1,0.8425641059875488,
bench_detect_20260819_1453,onnx,320,1,13,68.71349998982623,14.55318096368342,2,0.8373713493347168,
bench_detect_20260819_1453,onnx,320,1,14,73.78430000972003,13.553018729841773,1,0.8705068826675415,
bench_detect_20260819_1453,onnx,320,1,15,70.07509999675676,14.270404181318076,1,0.8714592456817627,
bench_detect_20260819_1453,onnx,320,1,16,67.72579997777939,14.765421749585782,2,0.8616288900375366,
bench_detect_20260819_1453,onnx,320,1,17,66.2745000445284,15.088759618376928,3,0.8603709936141968,
bench_detect_20260819_1453,onnx,320,1,18,66.38010003371164,15.064755845383516,2,0.8776817321777344,
bench_detect_20260819_1453,onnx,320,1,19,74.82370000798255,13.364749402840479,1,0.8844539523124695,
bench_detect_20260819_1453,onnx,320,1,20,66.37899996712804,15.065005506187443,2,0.8719533681869507,
bench_detect_20260819_1453,onnx,320,1,21,68.8541000126861,14.523463378589712,1,0.857478141784668,
bench_detect_20260819_1453,onnx,320,1,22,68.87899996945634,14.518213104769803,1,0.8467496633529663,
bench_detect_20260819_1453,onnx,320,1,23,68.4196999645792,14.61567356357451,1,0.8392353057861328,
bench_detect_20260819_1453,onnx,320,1,24,63.24039999162778,15.812676708755593,1,0.866562008857727,
bench_detect_20260819_1453,onnx,320,1,25,52.124999987427145,19.184652282804908,3,0.8383882641792297,
bench_detect_20260819_1453,onnx,320,1,26,61.535000044386834,16.250914102196692,3,0.8507544994354248,
bench_detect_20260819_1453,onnx,320,1,27,45.022300037089735,22.21121531277149,1,0.8478227853775024,
bench_detect_20260819_1453,onnx,320,1,28,50.58199999621138,19.76987861442609,1,0.8780727386474609,
bench_detect_20260819_1453,onnx,320,1,29,55.599300016183406,17.98583794596205,1,0.8478468656539917,
bench_detect_20260819_1453,onnx,320,1,30,62.57720000576228,15.980261179917242,1,0.8513926267623901,
bench_detect_20260819_1453,onnx,320,1,31,55.81250000977889,17.91713325553936,1,0.8696877360343933,
bench_detect_20260819_1453,onnx,320,1,32,60.57259999215603,16.509114684353932,2,0.8461759090423584,
bench_detect_20260819_1453,onnx,320,1,33,65.29990001581609,15.313959129459509,1,0.838685154914856,
bench_detect_20260819_1453,onnx,320,1,34,60.44159998418763,16.54489623473922,2,0.8442750573158264,
bench_detect_20260819_1453,onnx,320,1,35,63.52269998751581,15.742403899653686,1,0.850351095199585,
bench_detect_20260819_1453,onnx,320,1,36,62.365800025872886,16.034429119567825,1,0.8418047428131104,
bench_detect_20260819_1453,onnx,320,1,37,59.08669997006655,16.92428246130859,1,0.8386183977127075,
bench_detect_20260819_1453,onnx,320,1,38,65.34720002673566,15.302874485683663,1,0.8658446669578552,
bench_detect_20260819_1453,onnx,320,1,39,61.113999981898814,16.362862851330092,2,0.856457531452179,
bench_detect_20260819_1453,onnx,320,1,40,64.04840003233403,15.61319251527224,1,0.8289919495582581,
bench_detect_20260819_1453,onnx,320,1,41,65.17069996334612,15.344318851300182,1,0.858521044254303,
bench_detect_20260819_1453,onnx,320,1,42,63.27059998875484,15.805129083298265,2,0.8730190396308899,
bench_detect_20260819_1453,onnx,320,1,43,59.96460001915693,16.676505799764016,1,0.8458724617958069,
bench_detect_20260819_1453,onnx,320,1,44,67.71490001119673,14.76779851752936,1,0.8432605266571045,
bench_detect_20260819_1453,onnx,320,1,45,62.988199992105365,15.875989473033602,1,0.8354377746582031,
bench_detect_20260819_1453,onnx,320,1,46,61.96959997760132,16.136944572200665,1,0.8780818581581116,
bench_detect_20260819_1453,onnx,320,1,47,63.234100001864135,15.81425211982965,1,0.8653022050857544,
bench_detect_20260819_1453,onnx,320,1,48,64.40749997273088,15.526142148404833,1,0.8466675281524658,
bench_detect_20260819_1453,onnx,320,1,49,65.63180004013702,15.236516435454332,1,0.8357389569282532,
bench_detect_20260819_1453,onnx,320,1,50,66.68300001183525,14.996325897492836,2,0.8686115145683289,
bench_detect_20260819_1453,onnx,320,1,51,67.592799954582,14.794475161140467,1,0.8685365915298462,
bench_detect_20260819_1453,onnx,320,1,52,64.27079997956753,15.559165286847405,1,0.845445990562439,
bench_detect_20260819_1453,onnx,320,1,53,65.16539998119697,15.34556682362946,1,0.8381633758544922,
bench_detect_20260819_1453,onnx,320,1,54,66.67660002131015,14.997765328172033,1,0.8505581617355347,
bench_detect_20260819_1453,onnx,320,1,55,61.43509998219088,16.277339831625326,1,0.8439571261405945,
bench_detect_20260819_1453,onnx,320,1,56,60.22380001377314,16.604731016164717,1,0.837119460105896,
bench_detect_20260819_1453,onnx,320,1,57,66.58809998771176,15.017698360285713,1,0.8488036394119263,
bench_detect_20260819_1453,onnx,320,1,58,66.10330002149567,15.12783778835273,3,0.8435398936271667,
bench_detect_20260819_1453,onnx,320,1,59,72.48259999323636,13.796414589064327,1,0.8659918308258057,
bench_detect_20260819_1453,onnx,320,1,60,73.2793000061065,13.64641856454235,2,0.8362575769424438,
bench_detect_20260819_1453,onnx,320,1,61,79.08739999402314,12.644239159152693,1,0.8402531147003174,
bench_detect_20260819_1453,onnx,320,1,62,70.53329999325797,14.177700463406454,2,0.8753020167350769,
bench_detect_20260819_1453,onnx,320,1,63,73.77319998340681,13.555057937366437,1,0.8739726543426514,
bench_detect_20260819_1453,onnx,320,1,64,71.45240000681952,13.995331156190115,1,0.8813583850860596,
bench_detect_20260819_1453,onnx,320,1,65,68.39779997244477,14.620353292106868,1,0.8344632387161255,
bench_detect_20260819_1453,onnx,320,1,66,74.68939997488633,13.388780741795241,2,0.8658980131149292,
bench_detect_20260819_1453,onnx,320,1,67,67.30549997882918,14.85762679594607,1,0.8395222425460815,
bench_detect_20260819_1453,onnx,320,1,68,69.56450000870973,14.375148241916442,2,0.8659771084785461,
bench_detect_20260819_1453,onnx,320,1,69,77.6958999922499,12.870692019781599,1,0.866417407989502,
bench_detect_20260819_1453,onnx,320,1,70,74.23760002711788,13.470263042376303,1,0.8556604385375977,
bench_detect_20260819_1453,onnx,320,1,71,71.1738999816589,14.050094209502276,1,0.8706233501434326,
bench_detect_20260819_1453,onnx,320,1,72,74.42969997646287,13.43549685564006,1,0.8552780747413635,
bench_detect_20260819_1453,onnx,320,1,73,69.9212999898009,14.301793590019999,1,0.8395992517471313,
bench_detect_20260819_1453,onnx,320,1,74,68.16639995668083,14.669984048380016,1,0.8509736657142639,
bench_detect_20260819_1453,onnx,320,1,75,72.57090002531186,13.779627917680669,1,0.8412090539932251,
bench_detect_20260819_1453,onnx,320,1,76,67.23970000166446,14.872166294246492,2,0.855376124382019,
bench_detect_20260819_1453,onnx,320,1,77,69.36059996951371,14.417407006853072,1,0.858833372592926,
bench_detect_20260819_1453,onnx,320,1,78,68.5319000040181,14.591744865403832,1,0.8597094416618347,
bench_detect_20260819_1453,onnx,320,1,79,58.40600002557039,17.12152860257843,3,0.8422050476074219,
bench_detect_20260819_1453,onnx,320,1,80,56.50210002204403,17.69845721857868,1,0.8683744668960571,
bench_detect_20260819_1453,onnx,320,1,81,58.71770001249388,17.030639820483795,1,0.861799955368042,
bench_detect_20260819_1453,onnx,320,1,82,48.826900019776076,20.48051380683549,2,0.8524229526519775,
bench_detect_20260819_1453,onnx,320,1,83,48.42329997336492,20.651215438643106,1,0.8346436023712158,
bench_detect_20260819_1453,onnx,320,1,84,47.92080004699528,20.867765125359206,1,0.8658377528190613,
bench_detect_20260819_1453,onnx,320,1,85,49.54479995649308,20.18375290400068,1,0.8456016778945923,
bench_detect_20260819_1453,onnx,320,1,86,52.496800024528056,19.048780107221212,1,0.8533008694648743,
bench_detect_20260819_1453,onnx,320,1,87,50.12600001646206,19.949726682192605,1,0.8807278871536255,
bench_detect_20260819_1453,onnx,320,1,88,51.328100031241775,19.482505672162656,1,0.8535933494567871,
bench_detect_20260819_1453,onnx,320,1,89,49.50090002967045,20.201652887131505,1,0.8226962685585022,
bench_detect_20260819_1453,onnx,320,1,90,57.57339997217059,17.369132281285676,1,0.83518385887146,
bench_detect_20260819_1453,onnx,320,1,91,55.94429996563122,17.874922031633954,5,0.8622596263885498,
bench_detect_20260819_1453,onnx,320,1,92,57.88680003024638,17.275095522251895,1,0.8443489670753479,
bench_detect_20260819_1453,onnx,320,1,93,61.88959995051846,16.1578035857319,1,0.8922711610794067,
bench_detect_20260819_1453,onnx,320,1,94,66.24660000670701,15.095114313772433,1,0.83056640625,
bench_detect_20260819_1453,onnx,320,1,95,65.25859999237582,15.323650830953012,1,0.8475976586341858,
bench_detect_20260819_1453,onnx,320,1,96,62.13139998726547,16.0949214117976,1,0.8309311866760254,
bench_detect_20260819_1453,onnx,320,1,97,66.16479996591806,15.113776517349207,1,0.8784871697425842,
bench_detect_20260819_1453,onnx,320,1,98,64.75050002336502,15.443896180556955,1,0.8540769815444946,
bench_detect_20260819_1453,onnx,320,1,99,65.09060005191714,15.363201433116096,1,0.863140344619751,
bench_detect_20260819_1453,onnx,320,2,0,42.24029998295009,23.674074294066113,3,0.8670165538787842,
bench_detect_20260819_1453,onnx,320,2,1,44.92549999849871,22.25907335552008,1,0.8328515291213989,
bench_detect_20260819_1453,onnx,320,2,2,63.05699999211356,15.858667556735469,2,0.8697807192802429,
bench_detect_20260819_1453,onnx,320,2,3,62.139199988450855,16.09290110245802,1,0.8827570080757141,
bench_detect_20260819_1453,onnx,320,2,4,41.60480003338307,24.03568817053837,1,0.8138214349746704,
bench_detect_20260819_1453,onnx,320,2,5,37.024500023107976,27.009142577911206,1,0.8523721694946289,
bench_detect_20260819_1453,onnx,320,2,6,27.05999999307096,36.95491501315824,1,0.855189323425293,
bench_detect_20260819_1453,onnx,320,2,7,34.71979999449104,28.802009232733745,2,0.8453751802444458,
bench_detect_20260819_1453,onnx,320,2,8,32.16699999757111,31.087760750940674,1,0.8628569841384888,
bench_detect_20260819_1453,onnx,320,2,9,45.07960000773892,22.18298298628044,1,0.8440912365913391,
bench_detect_20260819_1453,onnx,320,2,10,36.92060004686937,27.08515026111537,1,0.831957995891571,
bench_detect_20260819_1453,onnx,320,2,11,24.35160003369674,41.06506342976401,2,0.8591516613960266,
bench_detect_20260819_1453,onnx,320,2,12,44.68689998611808,22.377922843398146,1,0.8425641059875488,
bench_detect_20260819_1453,onnx,320,2,13,50.3002000041306,19.880636655875744,2,0.8373713493347168,
bench_detect_20260819_1453,onnx,320,2,14,41.606999991927296,24.034417290216137,1,0.8705068826675415,
bench_detect_20260819_1453,onnx,320,2,15,33.47189998021349,29.87580629098252,1,0.8714592456817627,
bench_detect_20260819_1453,onnx,320,2,16,47.67950001405552,20.973374295141692,2,0.8616288900375366,
bench_detect_20260819_1453,onnx,320,2,17,56.432000012136996,17.720442298428676,3,0.8603709936141968,
bench_detect_20260819_1453,onnx,320,2,18,53.28340001869947,18.76757113189204,2,0.8776817321777344,
bench_detect_20260819_1453,onnx,320,2,19,51.702799974009395,19.34131227907758,1,0.8844539523124695,
bench_detect_20260819_1453,onnx,320,2,20,37.64290001709014,26.565434638298136,2,0.8719533681869507,
bench_detect_20260819_1453,onnx,320,2,21,47.33709996799007,21.125079497396595,1,0.857478141784668,
bench_detect_20260819_1453,onnx,320,2,22,41.41140001593158,24.147939929953715,1,0.8467496633529663,
bench_detect_20260819_1453,onnx,320,2,23,42.32979996595532,23.624019031610644,1,0.8392353057861328,
bench_detect_20260819_1453,onnx,320,2,24,51.760700007434934,19.319676894948472,1,0.866562008857727,
bench_detect_20260819_1453,onnx,320,2,25,44.90040004020557,22.27151649215956,3,0.8383882641792297,
bench_detect_20260819_1453,onnx,320,2,26,56.58000003313646,17.674089774025155,3,0.8507544994354248,
bench_detect_20260819_1453,onnx,320,2,27,59.0257000294514,16.941772812538286,1,0.8478227853775024,
bench_detect_20260819_1453,onnx,320,2,28,69.79810004122555,14.327037547001423,1,0.8780727386474609,
bench_detect_20260819_1453,onnx,320,2,29,65.68999995943159,15.223017211410772,1,0.8478468656539917,
bench_detect_20260819_1453,onnx,320,2,30,45.610700035467744,21.924679937435318,1,0.8513926267623901,
bench_detect_20260819_1453,onnx,320,2,31,61.91310001304373,16.15167064465068,1,0.8696877360343933,
bench_detect_20260819_1453,onnx,320,2,32,65.43079996481538,15.283322235670937,2,0.8461759090423584,
bench_detect_20260819_1453,onnx,320,2,33,51.01950000971556,19.600348882477714,1,0.838685154914856,
bench_detect_20260819_1453,onnx,320,2,34,52.17959999572486,19.164577729264526,2,0.8442750573158264,
bench_detect_20260819_1453,onnx,320,2,35,45.416399952955544,22.01847792946705,1,0.850351095199585,
bench_detect_20260819_1453,onnx,320,2,36,58.420500019565225,17.117279031591593,1,0.8418047428131104,
bench_detect_20260819_1453,onnx,320,2,37,55.783300020266324,17.926512049962902,1,0.8386183977127075,
bench_detect_20260819_1453,onnx,320,2,38,45.736200001556426,21.864518695605877,1,0.8658446669578552,
bench_detect_20260819_1453,onnx,320,2,39,37.242499995045364,26.851043837901244,2,0.856457531452179,
bench_detect_20260819_1453,onnx,320,2,40,53.25799999991432,18.776521837125106,1,0.8289919495582581,
bench_detect_20260819_1453,onnx,320,2,41,50.84709997754544,19.66680499854681,1,0.858521044254303,
bench_detect_20260819_1453,onnx,320,2,42,60.876999981701374,16.426565045921837,2,0.8730190396308899,
bench_detect_20260819_1453,onnx,320,2,43,46.98639997513965,21.2827541699108,1,0.8458724617958069,
bench_detect_20260819_1453,onnx,320,2,44,51.04679998476058,19.589866559677358,1,0.8432605266571045,
bench_detect_20260819_1453,onnx,320,2,45,53.210999991279095,18.793106691546726,1,0.8354377746582031,
bench_detect_20260819_1453,onnx,320,2,46,46.75199999473989,21.38945927687609,1,0.8780818581581116,
bench_detect_20260819_1453,onnx,320,2,47,29.24089995212853,34.198673831419036,1,0.8653022050857544,
bench_detect_20260819_1453,onnx,320,2,48,35.10259999893606,28.487918274723512,1,0.8466675281524658,
bench_detect_20260819_1453,onnx,320,2,49,35.74490000028163,27.976018956330023,1,0.8357389569282532,
bench_detect_20260819_1453,onnx,320,2,50,37.223300023470074,26.864893745838735,2,0.8686115145683289,
bench_detect_20260819_1453,onnx,320,2,51,53.882400039583445,18.558935742754098,1,0.8685365915298462,
bench_detect_20260819_1453,onnx,320,2,52,47.42640000768006,21.085302697191093,1,0.845445990562439,
bench_detect_20260819_1453,onnx,320,2,53,46.93459998816252,21.306243160743083,1,0.8381633758544922,
bench_detect_20260819_1453,onnx,320,2,54,50.8393999771215,19.669783680570877,1,0.8505581617355347,
bench_detect_20260819_1453,onnx,320,2,55,49.74919999949634,20.10082574212498,1,0.8439571261405945,
bench_detect_20260819_1453,onnx,320,2,56,50.557699985802174,19.77938079225962,1,0.837119460105896,
bench_detect_20260819_1453,onnx,320,2,57,60.68799999775365,16.47772212030409,1,0.8488036394119263,
bench_detect_20260819_1453,onnx,320,2,58,43.634100002236664,22.91785552924755,3,0.8435398936271667,
bench_detect_20260819_1453,onnx,320,2,59,55.98800000734627,17.86097020555813,1,0.8659918308258057,
bench_detect_20260819_1453,onnx,320,2,60,59.494399989489466,16.808304650129497,2,0.8362575769424438,
bench_detect_20260819_1453,onnx,320,2,61,53.619900019839406,18.649792327661917,1,0.8402531147003174,
bench_detect_20260819_1453,onnx,320,2,62,56.608400016557425,17.665222823953854,2,0.8753020167350769,
bench_detect_20260819_1453,onnx,320,2,63,45.15779996290803,22.144568619848304,1,0.8739726543426514,
bench_detect_20260819_1453,onnx,320,2,64,56.70740001369268,17.634382809977854,1,0.8813583850860596,
bench_detect_20260819_1453,onnx,320,2,65,71.9946000026539,13.889930633174398,1,0.8344632387161255,
bench_detect_20260819_1453,onnx,320,2,66,58.62550000892952,17.05742381468278,2,0.8658980131149292,
bench_detect_20260819_1453,onnx,320,2,67,55.670399975497276,17.962867168910932,1,0.8395222425460815,
bench_detect_20260819_1453,onnx,320,2,68,52.994499972555786,18.869882733451,2,0.8659771084785461,
bench_detect_20260819_1453,onnx,320,2,69,50.222699996083975,19.91131500452929,1,0.866417407989502,
bench_detect_20260819_1453,onnx,320,2,70,54.710600001271814,18.277993660766903,1,0.8556604385375977,
bench_detect_20260819_1453,onnx,320,2,71,66.6272999951616,15.008862734534027,1,0.8706233501434326,
bench_detect_20260819_1453,onnx,320,2,72,47.95929999090731,20.851013258942306,1,0.8552780747413635,
bench_detect_20260819_1453,onnx,320,2,73,53.67130000377074,18.631931776009598,1,0.8395992517471313,
bench_detect_20260819_1453,onnx,320,2,74,55.55150000145659,18.001314095456998,1,0.8509736657142639,
bench_detect_20260819_1453,onnx,320,2,75,43.21199998958036,23.141719898202545,1,0.8412090539932251,
bench_detect_20260819_1453,onnx,320,2,76,55.87540002306923,17.896963593766323,2,0.855376124382019,
bench_detect_20260819_1453,onnx,320,2,77,33.2489000284113,30.076182945766522,1,0.858833372592926,
bench_detect_20260819_1453,onnx,320,2,78,28.16799998981878,35.50127805884146,1,0.8597094416618347,
bench_detect_20260819_1453,onnx,320,2,79,30.458099965471774,32.831988900608714,3,0.8422050476074219,
bench_detect_20260819_1453,onnx,320,2,80,43.514099961612374,22.981056735223483,1,0.8683744668960571,
bench_detect_20260819_1453,onnx,320,2,81,47.75069997413084,20.942101383681383,1,0.861799955368042,
bench_detect_20260819_1453,onnx,320,2,82,47.58040001615882,21.017057436683785,2,0.8524229526519775,
bench_detect_20260819_1453,onnx,320,2,83,53.464500000700355,18.70399985012299,1,0.8346436023712158,
bench_detect_20260819_1453,onnx,320,2,84,40.027599956374615,24.982761921521217,1,0.8658377528190613,
bench_detect_20260819_1453,onnx,320,2,85,40.40609998628497,24.74873844145883,1,0.8456016778945923,
bench_detect_20260819_1453,onnx,320,2,86,60.83879998186603,16.436879101791387,1,0.8533008694648743,
bench_detect_20260819_1453,onnx,320,2,87,48.46149997320026,20.634937023266115,1,0.8807278871536255,
bench_detect_20260819_1453,onnx,320,2,88,58.663300005719066,17.046432776582808,1,0.8535933494567871,
bench_detect_20260819_1453,onnx,320,2,89,55.351899995002896,18.06622717721124,1,0.8226962685585022,
bench_detect_20260819_1453,onnx,320,2,90,54.972499958239496,18.19091365245644,1,0.83518385887146,
bench_detect_20260819_1453,onnx,320,2,91,45.878399978391826,21.79674967895541,5,0.8622596263885498,
bench_detect_20260819_1453,onnx,320,2,92,52.52389999805018,19.038951792176942,1,0.8443489670753479,
bench_detect_20260819_1453,onnx,320,2,93,57.12910002330318,17.50421413241406,1,0.8922711610794067,
bench_detect_20260819_1453,onnx,320,2,94,61.11740000778809,16.361952567886913,1,0.83056640625,
bench_detect_20260819_1453,onnx,320,2,95,50.69709999952465,19.724994131999193,1,0.8475976586341858,
bench_detect_20260819_1453,onnx,320,2,96,68.97089997073635,14.498868369475964,1,0.8309311866760254,
bench_detect_20260819_1453,onnx,320,2,97,52.003399992827326,19.229511919180805,1,0.8784871697425842,
bench_detect_20260819_1453,onnx,320,2,98,49.899599980562925,20.040240811339643,1,0.8540769815444946,
bench_detect_20260819_1453,onnx,320,2,99,59.079900034703314,16.926230400061673,1,0.863140344619751,
bench_detect_20260819_1453,onnx,320,4,0,24.740300024859607,40.41988169081125,3,0.8670165538787842,
bench_detect_20260819_1453,onnx,320,4,1,21.757799957413226,45.96052918757,1,0.8328515291213989,
bench_detect_20260819_1453,onnx,320,4,2,31.64110000943765,31.604463805042432,2,0.8697807192802429,
bench_detect_20260819_1453,onnx,320,4,3,38.41520001878962,26.031362572910737,1,0.8827570080757141,
bench_detect_20260819_1453,onnx,320,4,4,36.59729997161776,27.32442012868513,1,0.8138214349746704,
bench_detect_20260819_1453,onnx,320,4,5,39.01670000050217,25.630050721540503,1,0.8523721694946289,
bench_detect_20260819_1453,onnx,320,4,6,31.35240002302453,31.895484851737713,1,0.855189323425293,
bench_detect_20260819_1453,onnx,320,4,7,39.3968999851495,25.38270778606809,2,0.8453751802444458,
bench_detect_20260819_1453,onnx,320,4,8,50.01349997473881,19.99460146770547,1,0.8628569841384888,
bench_detect_20260819_1453,onnx,320,4,9,49.77350000990555,20.09101228165565,1,0.8440912365913391,
bench_detect_20260819_1453,onnx,320,4,10,40.78819998539984,24.516894600839226,1,0.831957995891571,
bench_detect_20260819_1453,onnx,320,4,11,48.966200032737106,20.422250436657013,2,0.8591516613960266,
bench_detect_20260819_1453,onnx,320,4,12,49.733899999409914,20.10700950482196,1,0.8425641059875488,
bench_detect_20260819_1453,onnx,320,4,13,45.991099963430315,21.74333731515765,2,0.8373713493347168,
bench_detect_20260819_1453,onnx,320,4,14,44.88989996025339,22.276725964758764,1,0.8705068826675415,
bench_detect_20260819_1453,onnx,320,4,15,48.31299994839355,20.69836278161507,1,0.8714592456817627,
bench_detect_20260819_1453,onnx,320,4,16,49.42819999996573,20.23136590045143,2,0.8616288900375366,
bench_detect_20260819_1453,onnx,320,4,17,48.36120002437383,20.67773337915528,3,0.8603709936141968,
bench_detect_20260819_1453,onnx,320,4,18,45.58950004866347,21.934875331656915,2,0.8776817321777344,
bench_detect_20260819_1453,onnx,320,4,19,48.11909998534247,20.78176857639917,1,0.8844539523124695,
bench_detect_20260819_1453,onnx,320,4,20,50.95070000970736,19.62681572205044,2,0.8719533681869507,
bench_detect_20260819_1453,onnx,320,4,21,43.90579997561872,22.776034158478126,1,0.857478141784668,
bench_detect_20260819_1453,onnx,320,4,22,45.35650002071634,22.04755656947197,1,0.8467496633529663,
bench_detect_20260819_1453,onnx,320,4,23,37.07869997015223,26.9696618491205,1,0.8392353057861328,
bench_detect_20260819_1453,onnx,320,4,24,47.468500037211925,21.066602045905626,1,0.866562008857727,
bench_detect_20260819_1453,onnx,320,4,25,45.82280002068728,21.82319717582813,3,0.8383882641792297,
bench_detect_20260819_1453,onnx,320,4,26,49.28149998886511,20.29159015504692,3,0.8507544994354248,
bench_detect_20260819_1453,onnx,320,4,27,46.83690000092611,21.35068717144446,1,0.8478227853775024,
bench_detect_20260819_1453,onnx,320,4,28,45.92210002010688,21.7760076207785,1,0.8780727386474609,
bench_detect_20260819_1453,onnx,320,4,29,46.833999978844076,21.352009233713147,1,0.8478468656539917,
bench_detect_20260819_1453,onnx,320,4,30,44.38340000342578,22.53094625294173,1,0.8513926267623901,
bench_detect_20260819_1453,onnx,320,4,31,44.536300003528595,22.453594032750146,1,0.8696877360343933,
bench_detect_20260819_1453,onnx,320,4,32,48.75110002467409,20.512357659496427,2,0.8461759090423584,
bench_detect_20260819_1453,onnx,320,4,33,51.671599969267845,19.352990822710332,1,0.838685154914856,
bench_detect_20260819_1453,onnx,320,4,34,46.79370002122596,21.3703981421942,2,0.8442750573158264,
bench_detect_20260819_1453,onnx,320,4,35,48.373600002378225,20.672432896266482,1,0.850351095199585,
bench_detect_20260819_1453,onnx,320,4,36,47.86459996830672,20.892266950149892,1,0.8418047428131104,
bench_detect_20260819_1453,onnx,320,4,37,47.252099961042404,21.163080600110106,1,0.8386183977127075,
bench_detect_20260819_1453,onnx,320,4,38,46.53859999962151,21.48753937609066,1,0.8658446669578552,
bench_detect_20260819_1453,onnx,320,4,39,53.91130002681166,18.548986937852934,2,0.856457531452179,
bench_detect_20260819_1453,onnx,320,4,40,50.473699986469,19.81229829134936,1,0.8289919495582581,
bench_detect_20260819_1453,onnx,320,4,41,50.320299982558936,19.872695519434522,1,0.858521044254303,
bench_detect_20260819_1453,onnx,320,4,42,46.903699985705316,21.320279643285428,2,0.8730190396308899,
bench_detect_20260819_1453,onnx,320,4,43,50.40020000888035,19.841191102888548,1,0.8458724617958069,
bench_detect_20260819_1453,onnx,320,4,44,49.853699980303645,20.058691739932705,1,0.8432605266571045,
bench_detect_20260819_1453,onnx,320,4,45,46.73439997714013,21.397514475186252,1,0.8354377746582031,
bench_detect_20260819_1453,onnx,320,4,46,45.3781999531202,22.037013390418544,1,0.8780818581581116,
bench_detect_20260819_1453,onnx,320,4,47,46.625500021036714,21.447491170042472,1,0.8653022050857544,
bench_detect_20260819_1453,onnx,320,4,48,45.28789996402338,22.080953208128395,1,0.8466675281524658,
bench_detect_20260819_1453,onnx,320,4,49,51.55860004015267,19.39540637684543,1,0.8357389569282532,
bench_detect_20260819_1453,onnx,320,4,50,60.424799972679466,16.549496240817366,2,0.8686115145683289,
bench_detect_20260819_1453,onnx,320,4,51,48.4938999870792,20.621150294499756,1,0.8685365915298462,
bench_detect_20260819_1453,onnx,320,4,52,47.34950000420213,21.1195471950338,1,0.845445990562439,
bench_detect_20260819_1453,onnx,320,4,53,57.48319998383522,17.396387123215284,1,0.8381633758544922,
bench_detect_20260819_1453,onnx,320,4,54,49.086400016676635,20.37224159156629,1,0.8505581617355347,
bench_detect_20260819_1453,onnx,320,4,55,50.883400021120906,19.65277476711296,1,0.8439571261405945,
bench_detect_20260819_1453,onnx,320,4,56,52.40149999735877,19.083423185412702,1,0.837119460105896,
bench_detect_20260819_1453,onnx,320,4,57,44.499100011307746,22.472364603910826,1,0.8488036394119263,
bench_detect_20260819_1453,onnx,320,4,58,52.02699999790639,19.220789206378242,3,0.8435398936271667,
bench_detect_20260819_1453,onnx,320,4,59,46.121500025037676,21.68186202654156,1,0.8659918308258057,
bench_detect_20260819_1453,onnx,320,4,60,49.56850002054125,20.17410249625465,2,0.8362575769424438,
bench_detect_20260819_1453,onnx,320,4,61,53.70779999066144,18.619269457581154,1,0.8402531147003174,
bench_detect_20260819_1453,onnx,320,4,62,55.034900025930256,18.170288299403467,2,0.8753020167350769,
bench_detect_20260819_1453,onnx,320,4,63,41.38130001956597,24.165504697222623,1,0.8739726543426514,
bench_detect_20260819_1453,onnx,320,4,64,48.453399969730526,20.6383865863843,1,0.8813583850860596,
bench_detect_20260819_1453,onnx,320,4,65,47.47089999727905,21.065536993343677,1,0.8344632387161255,
bench_detect_20260819_1453,onnx,320,4,66,49.35529996873811,20.261248551491025,2,0.8658980131149292,
bench_detect_20260819_1453,onnx,320,4,67,57.04919999698177,17.528729588721767,1,0.8395222425460815,
bench_detect_20260819_1453,onnx,320,4,68,59.11760003073141,16.91543634180286,2,0.8659771084785461,
bench_detect_20260819_1453,onnx,320,4,69,69.5053999661468,14.387371347939277,1,0.866417407989502,
bench_detect_20260819_1453,onnx,320,4,70,59.639799990691245,16.767326519473286,1,0.8556604385375977,
bench_detect_20260819_1453,onnx,320,4,71,66.1802000249736,15.11025955833682,1,0.8706233501434326,
bench_detect_20260819_1453,onnx,320,4,72,66.62479997612536,15.009425924855979,1,0.8552780747413635,
bench_detect_20260819_1453,onnx,320,4,73,55.77779997838661,17.928279716795767,1,0.8395992517471313,
bench_detect_20260819_1453,onnx,320,4,74,53.67419996764511,18.630925111185665,1,0.8509736657142639,
bench_detect_20260819_1453,onnx,320,4,75,49.631800036877394,20.148372600973175,1,0.8412090539932251,
bench_detect_20260819_1453,onnx,320,4,76,57.1823000209406,17.48792895063319,2,0.855376124382019,
bench_detect_20260819_1453,onnx,320,4,77,53.48729999968782,18.696026907431044,1,0.858833372592926,
bench_detect_20260819_1453,onnx,320,4,78,65.34589995862916,15.30317893904752,1,0.8597094416618347,
bench_detect_20260819_1453,onnx,320,4,79,54.46189997019246,18.361460039905143,3,0.8422050476074219,
bench_detect_20260819_1453,onnx,320,4,80,51.5037999721244,19.41604309859144,1,0.8683744668960571,
bench_detect_20260819_1453,onnx,320,4,81,44.91810000035912,22.26274040959001,1,0.861799955368042,
bench_detect_20260819_1453,onnx,320,4,82,37.73739997996017,26.498910908834038,2,0.8524229526519775,
bench_detect_20260819_1453,onnx,320,4,83,44.65270001674071,22.395062328259897,1,0.8346436023712158,
bench_detect_20260819_1453,onnx,320,4,84,44.7340999962762,22.354311366122108,1,0.8658377528190613,
bench_detect_20260819_1453,onnx,320,4,85,39.00170000270009,25.63990800223503,1,0.8456016778945923,
bench_detect_20260819_1453,onnx,320,4,86,37.526800006162375,26.647622494744752,1,0.8533008694648743,
bench_detect_20260819_1453,onnx,320,4,87,38.60469994833693,25.903581722905724,1,0.8807278871536255,
bench_detect_20260819_1453,onnx,320,4,88,32.97150001162663,30.329223712823904,1,0.8535933494567871,
bench_detect_20260819_1453,onnx,320,4,89,37.04140003537759,26.99681974884636,1,0.8226962685585022,
bench_detect_20260819_1453,onnx,320,4,90,41.48369998438284,24.105853633510634,1,0.83518385887146,
bench_detect_20260819_1453,onnx,320,4,91,39.47550000157207,25.33216805259404,5,0.8622596263885498,
bench_detect_20260819_1453,onnx,320,4,92,43.62630000105128,22.92195304153464,1,0.8443489670753479,
bench_detect_20260819_1453,onnx,320,4,93,40.46119999838993,24.715035640064876,1,0.8922711610794067,
bench_detect_20260819_1453,onnx,320,4,94,50.06300000241026,19.974831711081144,1,0.83056640625,
bench_detect_20260819_1453,onnx,320,4,95,52.612399973440915,19.006926133474362,1,0.8475976586341858,
bench_detect_20260819_1453,onnx,320,4,96,42.990799993276596,23.260790684434618,1,0.8309311866760254,
bench_detect_20260819_1453,onnx,320,4,97,51.55879998346791,19.39533116210318,1,0.8784871697425842,
bench_detect_20260819_1453,onnx,320,4,98,61.63470004685223,16.224626699567615,1,0.8540769815444946,
bench_detect_20260819_1453,onnx,320,4,99,52.50759999034926,19.044862080609224,1,0.863140344619751,
bench_detect_20260819_1453,onnx,640,1,0,209.49440001277253,4.773397283836855,1,0.8214688301086426,
bench_detect_20260819_1453,onnx,640,1,1,214.0979000250809,4.670760431946568,1,0.812147855758667,
bench_detect_20260819_1453,onnx,640,1,2,235.49150000326335,4.246437769457252,1,0.8395455479621887,
bench_detect_20260819_1453,onnx,640,1,3,251.86469999607652,3.9703856872978935,1,0.8316104412078857,
bench_detect_20260819_1453,onnx,640,1,4,262.50999997137114,3.8093786907510503,1,0.7443010807037354,
bench_detect_20260819_1453,onnx,640,1,5,243.72139998013154,4.103045526907039,1,0.8330690860748291,
bench_detect_20260819_1453,onnx,640,1,6,264.1568999970332,3.785628919824662,1,0.8096311092376709,
bench_detect_20260819_1453,onnx,640,1,7,275.62420000322163,3.6281284444120345,2,0.8250116109848022,
bench_detect_20260819_1453,onnx,640,1,8,355.0832000328228,2.81624137640858,1,0.8489115238189697,
bench_detect_20260819_1453,onnx,640,1,9,298.7083999905735,3.3477464980280347,1,0.8309528827667236,
bench_detect_20260819_1453,onnx,640,1,10,286.4158999873325,3.491426279212249,1,0.8210679292678833,
bench_detect_20260819_1453,onnx,640,1,11,279.58139998372644,3.576775851534497,1,0.8629555702209473,
bench_detect_20260819_1453,onnx,640,1,12,239.29979995591566,4.178858487070287,1,0.842363715171814,
bench_detect_20260819_1453,onnx,640,1,13,233.78569999476895,4.277421587472524,2,0.825884997844696,
bench_detect_20260819_1453,onnx,640,1,14,230.57429998880252,4.336996794736288,1,0.8677326440811157,
bench_detect_20260819_1453,onnx,640,1,15,266.5015999809839,3.752322688011459,1,0.861142635345459,
bench_detect_20260819_1453,onnx,640,1,16,255.13000000501052,3.91957041500553,2,0.8343461751937866,
bench_detect_20260819_1453,onnx,640,1,17,257.1439999737777,3.888871605411657,3,0.839414656162262,
bench_detect_20260819_1453,onnx,640,1,18,254.139699973166,3.9348437103907323,2,0.8466666340827942,
bench_detect_20260819_1453,onnx,640,1,19,228.0697000096552,4.3846245246855045,1,0.8641484975814819,
bench_detect_20260819_1453,onnx,640,1,20,208.71179999085143,4.791295940353318,2,0.8630983829498291,
bench_detect_20260819_1453,onnx,640,1,21,224.35670002596453,4.457188039778938,1,0.8406504392623901,
bench_detect_20260819_1453,onnx,640,1,22,230.3781000082381,4.340690369285279,1,0.8391133546829224,
bench_detect_20260819_1453,onnx,640,1,23,260.53210004465654,3.8382986197424227,1,0.8192139863967896,
bench_detect_20260819_1453,onnx,640,1,24,276.139699970372,3.6213554230242644,1,0.8192445635795593,
bench_detect_20260819_1453,onnx,640,1,25,278.56860001338646,3.589780039645335,2,0.8416056632995605,
bench_detect_20260819_1453,onnx,640,1,26,280.15800000866875,3.5694144017627827,3,0.8323211669921875,
bench_detect_20260819_1453,onnx,640,1,27,234.02610002085567,4.273027666191434,1,0.8368035554885864,
bench_detect_20260819_1453,onnx,640,1,28,228.74269995372742,4.3717242132854555,1,0.8446122407913208,
bench_detect_20260819_1453,onnx,640,1,29,211.8499000207521,4.720323209508446,1,0.8436522483825684,
bench_detect_20260819_1453,onnx,640,1,30,250.836800027173,3.9866558650551696,1,0.8377926349639893,
bench_detect_20260819_1453,onnx,640,1,31,236.02529999334365,4.23683393275298,1,0.8432223796844482,
bench_detect_20260819_1453,onnx,640,1,32,274.15780001319945,3.6475343760121164,1,0.8313404321670532,
bench_detect_20260819_1453,onnx,640,1,33,276.24009997816756,3.6200392342713252,1,0.8367631435394287,
bench_detect_20260819_1453,onnx,640,1,34,216.10510000027716,4.627378067425144,1,0.7940600514411926,
bench_detect_20260819_1453,onnx,640,1,35,196.16240001050755,5.097816910613014,1,0.8441817760467529,
bench_detect_20260819_1453,onnx,640,1,36,230.56140000699088,4.337239451051559,1,0.8246177434921265,
bench_detect_20260819_1453,onnx,640,1,37,241.82850000215694,4.135161901889482,1,0.8456279039382935,
bench_detect_20260819_1453,onnx,640,1,38,265.32140001654625,3.769013731789584,1,0.8481340408325195,
bench_detect_20260819_1453,onnx,640,1,39,256.461400014814,3.8992222609025644,2,0.8228013515472412,
bench_detect_20260819_1453,onnx,640,1,40,256.31670001894236,3.9014235121086447,1,0.811850368976593,
bench_detect_20260819_1453,onnx,640,1,41,235.7031999854371,4.242623774568122,1,0.848019003868103,
bench_detect_20260819_1453,onnx,640,1,42,220.1194999506697,4.5429868786005185,2,0.8532116413116455,
bench_detect_20260819_1453,onnx,640,1,43,248.95489995833486,4.016791797098029,1,0.8299169540405273,
bench_detect_20260819_1453,onnx,640,1,44,262.7411999856122,3.8060266149913313,1,0.7718535661697388,
bench_detect_20260819_1453,onnx,640,1,45,263.55259999400005,3.794308991915715,1,0.8479881882667542,
bench_detect_20260819_1453,onnx,640,1,46,263.52640002733096,3.794686224591872,1,0.8480563163757324,
bench_detect_20260819_1453,onnx,640,1,47,249.79769997298717,4.003239421772654,1,0.8432231545448303,
bench_detect_20260819_1453,onnx,640,1,48,215.07620002375916,4.649514915595177,1,0.815872073173523,
bench_detect_20260819_1453,onnx,640,1,49,205.6585000245832,4.862429706919315,1,0.7787197232246399,
bench_detect_20260819_1453,onnx,640,1,50,234.39699999289587,4.266266206608054,2,0.8698760271072388,
bench_detect_20260819_1453,onnx,640,1,51,247.72870005108416,4.036673989706441,1,0.8253887891769409,
bench_detect_20260819_1453,onnx,640,1,52,239.19520003255457,4.180685899482513,1,0.8267799615859985,
bench_detect_20260819_1453,onnx,640,1,53,184.498300019186,5.420104141317345,1,0.8350735902786255,
bench_detect_20260819_1453,onnx,640,1,54,249.63700002990663,4.005816444998937,1,0.842432975769043,
bench_detect_20260819_1453,onnx,640,1,55,225.8305000141263,4.428099835661912,1,0.853783130645752,
bench_detect_20260819_1453,onnx,640,1,56,252.55249999463558,3.959572762183074,1,0.8273897171020508,
bench_detect_20260819_1453,onnx,640,1,57,245.2585999853909,4.077328990949007,1,0.8261759877204895,
bench_detect_20260819_1453,onnx,640,1,58,259.0501999948174,3.860255657088882,2,0.8604758977890015,
bench_detect_20260819_1453,onnx,640,1,59,263.99460004176944,3.7879562682031342,1,0.8189926147460938,
bench_detect_20260819_1453,onnx,640,1,60,279.4927000068128,3.577910979340871,2,0.8329588770866394,
bench_detect_20260819_1453,onnx,640,1,61,280.518299958203,3.5648298173381177,1,0.8284343481063843,
bench_detect_20260819_1453,onnx,640,1,62,276.6433000215329,3.6147631260983495,2,0.8373318910598755,
bench_detect_20260819_1453,onnx,640,1,63,262.50319997780025,3.809477370502796,1,0.8421447277069092,
bench_detect_20260819_1453,onnx,640,1,64,259.97620000271127,3.8465059493506373,1,0.8202601075172424,
bench_detect_20260819_1453,onnx,640,1,65,266.7024999973364,3.749496161490751,1,0.8330275416374207,
bench_detect_20260819_1453,onnx,640,1,66,278.39779999339953,3.5919824079921203,2,0.8189750909805298,
bench_detect_20260819_1453,onnx,640,1,67,251.24439998762682,3.9801882153363324,1,0.8267172574996948,
bench_detect_20260819_1453,onnx,640,1,68,295.44769995845854,3.3846938058431495,2,0.8485020399093628,
bench_detect_20260819_1453,onnx,640,1,69,229.13719998905435,4.364197520296875,1,0.8594738841056824,
bench_detect_20260819_1453,onnx,640,1,70,241.22650001663715,4.145481528484768,1,0.857597827911377,
bench_detect_20260819_1453,onnx,640,1,71,261.9167999946512,3.8180063288052604,1,0.8561351299285889,
bench_detect_20260819_1453,onnx,640,1,72,281.1218000133522,3.557176995709703,1,0.8265813589096069,
bench_detect_20260819_1453,onnx,640,1,73,303.40669996803626,3.2959061223939665,1,0.8261643648147583,
bench_detect_20260819_1453,onnx,640,1,74,301.23860004823655,3.31962769658295,1,0.8381205797195435,
bench_detect_20260819_1453,onnx,640,1,75,281.22599999187514,3.55585898895867,1,0.8184213638305664,
bench_detect_20260819_1453,onnx,640,1,76,298.823099990841,3.3464615019074837,2,0.8448441028594971,
bench_detect_20260819_1453,onnx,640,1,77,309.4237999757752,3.2318134548095205,1,0.8476138114929199,
bench_detect_20260819_1453,onnx,640,1,78,316.2135000457056,3.1624203263157953,1,0.8524564504623413,
bench_detect_20260819_1453,onnx,640,1,79,314.8864000104368,3.1757484602918877,4,0.8396109342575073,
bench_detect_20260819_1453,onnx,640,1,80,310.8856999897398,3.216616267756938,1,0.8314977288246155,
bench_detect_20260819_1453,onnx,640,1,81,300.2377999946475,3.3306932039131234,1,0.827151358127594,
bench_detect_20260819_1453,onnx,640,1,82,285.84319999208674,3.4984215123105393,2,0.8298345804214478,
bench_detect_20260819_1453,onnx,640,1,83,251.83449999894947,3.9708618160107987,1,0.8219830989837646,
bench_detect_20260819_1453,onnx,640,1,84,292.5223999773152,3.4185416230604866,1,0.8257669806480408,
bench_detect_20260819_1453,onnx,640,1,85,287.38009999506176,3.4797120608461882,1,0.8114612102508545,
bench_detect_20260819_1453,onnx,640,1,86,290.6543000135571,3.4405133519557656,1,0.8388513326644897,
bench_detect_20260819_1453,onnx,640,1,87,275.5184000125155,3.6295216579167664,1,0.8571672439575195,
bench_detect_20260819_1453,onnx,640,1,88,279.5646999729797,3.5769895129701683,1,0.8460313081741333,
bench_detect_20260819_1453,onnx,640,1,89,284.15320004569367,3.5192283593469775,1,0.7928652763366699,
bench_detect_20260819_1453,onnx,640,1,90,212.028999987524,4.71633597318688,1,0.8154222965240479,
bench_detect_20260819_1453,onnx,640,1,91,210.27679997496307,4.755636380804095,6,0.8506507873535156,
bench_detect_20260819_1453,onnx,640,1,92,257.78029998764396,3.8792723883397313,1,0.8413549065589905,
bench_detect_20260819_1453,onnx,640,1,93,269.37990001169965,3.712229457196206,1,0.8516277074813843,
bench_detect_20260819_1453,onnx,640,1,94,240.91300001600757,4.150876042112939,1,0.8222675323486328,
bench_detect_20260819_1453,onnx,640,1,95,212.82780001638457,4.698634294594103,1,0.8292025923728943,
bench_detect_20260819_1453,onnx,640,1,96,213.46999995876104,4.684498993737686,1,0.807289183139801,
bench_detect_20260819_1453,onnx,640,1,97,270.7965999725275,3.692808551146694,1,0.8510770797729492,
bench_detect_20260819_1453,onnx,640,1,98,258.4872999577783,3.868662020003851,1,0.8391404151916504,
bench_detect_20260819_1453,onnx,640,1,99,215.67320002941415,4.636644700702809,1,0.849768877029419,
bench_detect_20260819_1453,onnx,640,2,0,182.6887999777682,5.473789307947133,1,0.8214688301086426,
bench_detect_20260819_1453,onnx,640,2,1,208.5992000065744,4.793882239090482,1,0.812147855758667,
bench_detect_20260819_1453,onnx,640,2,2,212.81230001477525,4.698976515598823,1,0.8395455479621887,
bench_detect_20260819_1453,onnx,640,2,3,195.6237999838777,5.111852443733405,1,0.8316104412078857,
bench_detect_20260819_1453,onnx,640,2,4,195.23419998586178,5.122053411095068,1,0.7443010807037354,
bench_detect_20260819_1453,onnx,640,2,5,211.10230003250763,4.737039813616479,1,0.8330690860748291,
bench_detect_20260819_1453,onnx,640,2,6,240.939499984961,4.150419503910393,1,0.8096311092376709,
bench_detect_20260819_1453,onnx,640,2,7,232.80689999228343,4.2954053339189935,2,0.8250116109848022,
bench_detect_20260819_1453,onnx,640,2,8,216.85969998361543,4.611276323242879,1,0.8489115238189697,
bench_detect_20260819_1453,onnx,640,2,9,223.7829000223428,4.468616681168037,1,0.8309528827667236,
bench_detect_20260819_1453,onnx,640,2,10,185.69000001298264,5.385319618342852,1,0.8210679292678833,
bench_detect_20260819_1453,onnx,640,2,11,168.49090001778677,5.9350386275723785,1,0.8629555702209473,
bench_detect_20260819_1453,onnx,640,2,12,216.62439999636263,4.616285146164472,1,0.842363715171814,
bench_detect_20260819_1453,onnx,640,2,13,223.20740000577644,4.480138203187353,2,0.825884997844696,
bench_detect_20260819_1453,onnx,640,2,14,216.94359998218715,4.609492974589286,1,0.8677326440811157,
bench_detect_20260819_1453,onnx,640,2,15,179.80260000331327,5.561654836924342,1,0.861142635345459,
bench_detect_20260819_1453,onnx,640,2,16,188.17959999432787,5.314072301302278,2,0.8343461751937866,
bench_detect_20260819_1453,onnx,640,2,17,128.90340003650635,7.757747272118446,3,0.839414656162262,
bench_detect_20260819_1453,onnx,640,2,18,194.80719999410212,5.13328049492152,2,0.8466666340827942,
bench_detect_20260819_1453,onnx,640,2,19,210.33780003199354,4.754257198886242,1,0.8641484975814819,
bench_detect_20260819_1453,onnx,640,2,20,223.782199958805,4.468630660455055,2,0.8630983829498291,
bench_detect_20260819_1453,onnx,640,2,21,200.33099997090176,4.991738673222072,1,0.8406504392623901,
bench_detect_20260819_1453,onnx,640,2,22,187.98940000124276,5.319448862507084,1,0.8391133546829224,
bench_detect_20260819_1453,onnx,640,2,23,194.50370001140982,5.1412903710383855,1,0.8192139863967896,
bench_detect_20260819_1453,onnx,640,2,24,188.25980002293363,5.311808468287871,1,0.8192445635795593,
bench_detect_20260819_1453,onnx,640,2,25,154.53459997661412,6.4710427318628385,2,0.8416056632995605,
bench_detect_20260819_1453,onnx,640,2,26,193.24629998300225,5.174743320249645,3,0.8323211669921875,
bench_detect_20260819_1453,onnx,640,2,27,180.16980000538751,5.550319753755056,1,0.8368035554885864,
bench_detect_20260819_1453,onnx,640,2,28,186.80079997284338,5.353296132272332,1,0.8446122407913208,
bench_detect_20260819_1453,onnx,640,2,29,223.94599998369813,4.465362185851919,1,0.8436522483825684,
bench_detect_20260819_1453,onnx,640,2,30,168.84589998517185,5.922560157444277,1,0.8377926349639893,
bench_detect_20260819_1453,onnx,640,2,31,196.88529998529702,5.079099354165486,1,0.8432223796844482,
bench_detect_20260819_1453,onnx,640,2,32,183.65890003042296,5.4448763432338465,1,0.8313404321670532,
bench_detect_20260819_1453,onnx,640,2,33,187.05920001957566,5.345901190079667,1,0.8367631435394287,
bench_detect_20260819_1453,onnx,640,2,34,185.3230000124313,5.395984308115674,1,0.7940600514411926,
bench_detect_20260819_1453,onnx,640,2,35,179.45430002873763,5.57244936365337,1,0.8441817760467529,
bench_detect_20260819_1453,onnx,640,2,36,158.8921999791637,6.293575141706986,1,0.8246177434921265,
bench_detect_20260819_1453,onnx,640,2,37,127.63849995099008,7.834626702632626,1,0.8456279039382935,
bench_detect_20260819_1453,onnx,640,2,38,189.5432000164874,5.27584212946186,1,0.8481340408325195,
bench_detect_20260819_1453,onnx,640,2,39,193.23439995059744,5.17506199856579,2,0.8228013515472412,
bench_detect_20260819_1453,onnx,640,2,40,199.61819995660335,5.009563257345263,1,0.811850368976593,
bench_detect_20260819_1453,onnx,640,2,41,211.31969999987632,4.732166475726519,1,0.848019003868103,
bench_detect_20260819_1453,onnx,640,2,42,222.21979999449104,4.50004905064621,2,0.8532116413116455,
bench_detect_20260819_1453,onnx,640,2,43,248.09680000180379,4.030684797195004,1,0.8299169540405273,
bench_detect_20260819_1453,onnx,640,2,44,231.45879997173324,4.320423332887427,1,0.7718535661697388,
bench_detect_20260819_1453,onnx,640,2,45,204.47160000912845,4.8906547410758066,1,0.8479881882667542,
bench_detect_20260819_1453,onnx,640,2,46,187.99290002789348,5.3193498257201455,1,0.8480563163757324,
bench_detect_20260819_1453,onnx,640,2,47,221.1467000306584,4.521885245682465,1,0.8432231545448303,
bench_detect_20260819_1453,onnx,640,2,48,192.37750000320375,5.198113084863596,1,0.815872073173523,
bench_detect_20260819_1453,onnx,640,2,49,174.41420000977814,5.733478122446092,1,0.7787197232246399,
bench_detect_20260819_1453,onnx,640,2,50,165.34830001182854,6.04783962053715,2,0.8698760271072388,
bench_detect_20260819_1453,onnx,640,2,51,158.36390003096312,6.314570428010937,1,0.8253887891769409,
bench_detect_20260819_1453,onnx,640,2,52,174.88860001321882,5.717925581909946,1,0.8267799615859985,
bench_detect_20260819_1453,onnx,640,2,53,148.1661000289023,6.749182166534269,1,0.8350735902786255,
bench_detect_20260819_1453,onnx,640,2,54,151.5452999738045,6.598686994402702,1,0.842432975769043,
bench_detect_20260819_1453,onnx,640,2,55,180.1483000162989,5.550982162526791,1,0.853783130645752,
bench_detect_20260819_1453,onnx,640,2,56,195.6425000098534,5.111363839399086,1,0.8273897171020508,
bench_detect_20260819_1453,onnx,640,2,57,177.354599989485,5.638421558049738,1,0.8261759877204895,
bench_detect_20260819_1453,onnx,640,2,58,197.22520001232624,5.070345979811412,2,0.8604758977890015,
bench_detect_20260819_1453,onnx,640,2,59,184.30640001315624,5.425747559111445,1,0.8189926147460938,
bench_detect_20260819_1453,onnx,640,2,60,213.02700001979247,4.694240635727346,2,0.8329588770866394,
bench_detect_20260819_1453,onnx,640,2,61,184.86220005434006,5.4094347016645425,1,0.8284343481063843,
bench_detect_20260819_1453,onnx,640,2,62,201.9018999999389,4.952900393707551,2,0.8373318910598755,
bench_detect_20260819_1453,onnx,640,2,63,199.4752999744378,5.013152004925658,1,0.8421447277069092,
bench_detect_20260819_1453,onnx,640,2,64,198.2607999816537,5.043861419365483,1,0.8202601075172424,
bench_detect_20260819_1453,onnx,640,2,65,193.3835999807343,5.171069315596691,1,0.8330275416374207,
bench_detect_20260819_1453,onnx,640,2,66,218.22029998293146,4.582525090828933,2,0.8189750909805298,
bench_detect_20260819_1453,onnx,640,2,67,234.1863999608904,4.270102790627474,1,0.8267172574996948,
bench_detect_20260819_1453,onnx,640,2,68,252.65820004278794,3.957916267236325,2,0.8485020399093628,
bench_detect_20260819_1453,onnx,640,2,69,179.0229000034742,5.585877560806989,1,0.8594738841056824,
bench_detect_20260819_1453,onnx,640,2,70,225.07740004220977,4.442916080479273,1,0.857597827911377,
bench_detect_20260819_1453,onnx,640,2,71,221.51439997833222,4.514379201071427,1,0.8561351299285889,
bench_detect_20260819_1453,onnx,640,2,72,214.69860000070184,4.657692225271758,1,0.8265813589096069,
bench_detect_20260819_1453,onnx,640,2,73,237.46370000299066,4.211169959818725,1,0.8261643648147583,
bench_detect_20260819_1453,onnx,640,2,74,225.45690002152696,4.435437548837576,1,0.8381205797195435,
bench_detect_20260819_1453,onnx,640,2,75,216.0378000116907,4.628819585951559,1,0.8184213638305664,
bench_detect_20260819_1453,onnx,640,2,76,221.3486999971792,4.51775863157427,2,0.8448441028594971,
bench_detect_20260819_1453,onnx,640,2,77,161.0412999871187,6.209587230604743,1,0.8476138114929199,
bench_detect_20260819_1453,onnx,640,2,78,139.80120001360774,7.153014422642035,1,0.8524564504623413,
bench_detect_20260819_1453,onnx,640,2,79,202.5158000178635,4.937886327446017,4,0.8396109342575073,
bench_detect_20260819_1453,onnx,640,2,80,214.1148999799043,4.670389590326758,1,0.8314977288246155,
bench_detect_20260819_1453,onnx,640,2,81,203.71550001436844,4.9088066442144465,1,0.827151358127594,
bench_detect_20260819_1453,onnx,640,2,82,203.583599999547,4.911987016646847,2,0.8298345804214478,
bench_detect_20260819_1453,onnx,640,2,83,218.07569998782128,4.5855636371032915,1,0.8219830989837646,
bench_detect_20260819_1453,onnx,640,2,84,213.79409998189658,4.677397552526832,1,0.8257669806480408,
bench_detect_20260819_1453,onnx,640,2,85,223.0453999945894,4.483392170492007,1,0.8114612102508545,
bench_detect_20260819_1453,onnx,640,2,86,223.5610000207089,4.473052097223434,1,0.8388513326644897,
bench_detect_20260819_1453,onnx,640,2,87,217.34380000270903,4.601005411645217,1,0.8571672439575195,
bench_detect_20260819_1453,onnx,640,2,88,223.1793999671936,4.480700280343955,1,0.8460313081741333,
bench_detect_20260819_1453,onnx,640,2,89,227.3002999718301,4.399466257298967,1,0.7928652763366699,
bench_detect_20260819_1453,onnx,640,2,90,232.21819999162108,4.306294683345587,1,0.8154222965240479,
bench_detect_20260819_1453,onnx,640,2,91,213.51239999057725,4.6835687297043735,6,0.8506507873535156,
bench_detect_20260819_1453,onnx,640,2,92,228.11700002057478,4.383715373732804,1,0.8413549065589905,
bench_detect_20260819_1453,onnx,640,2,93,165.04300001543015,6.059027040871217,1,0.8516277074813843,
bench_detect_20260819_1453,onnx,640,2,94,184.26239996915683,5.427043174122269,1,0.8222675323486328,
bench_detect_20260819_1453,onnx,640,2,95,223.21929997997358,4.479899363942618,1,0.8292025923728943,
bench_detect_20260819_1453,onnx,640,2,96,225.0233000377193,4.443984244442135,1,0.807289183139801,
bench_detect_20260819_1453,onnx,640,2,97,163.27850002562627,6.124505062473331,1,0.8510770797729492,
bench_detect_20260819_1453,onnx,640,2,98,165.05290003260598,6.058663615134611,1,0.8391404151916504,
bench_detect_20260819_1453,onnx,640,2,99,156.18649998214096,6.402602018191997,1,0.849768877029419,
bench_detect_20260819_1453,onnx,640,4,0,137.46460003312677,7.274600149849605,1,0.8214688301086426,
bench_detect_20260819_1453,onnx,640,4,1,111.24739999650046,8.988974124621855,1,0.812147855758667,
bench_detect_20260819_1453,onnx,640,4,2,144.39600001787767,6.92539959469923,1,0.8395455479621887,
bench_detect_20260819_1453,onnx,640,4,3,153.75110000604764,6.504018507579238,1,0.8316104412078857,
bench_detect_20260819_1453,onnx,640,4,4,155.94310004962608,6.412595361268104,1,0.7443010807037354,
bench_detect_20260819_1453,onnx,640,4,5,171.79299995768815,5.820958946210238,1,0.8330690860748291,
bench_detect_20260819_1453,onnx,640,4,6,172.61969996616244,5.7930815555583965,1,0.8096311092376709,
bench_detect_20260819_1453,onnx,640,4,7,160.43380001792684,6.233100505555938,2,0.8250116109848022,
bench_detect_20260819_1453,onnx,640,4,8,187.55380000220612,5.331803461130819,1,0.8489115238189697,
bench_detect_20260819_1453,onnx,640,4,9,180.21279998356476,5.54899541037706,1,0.8309528827667236,
bench_detect_20260819_1453,onnx,640,4,10,511.78559998515993,1.9539432137774033,1,0.8210679292678833,
bench_detect_20260819_1453,onnx,640,4,11,489.3197000492364,2.0436536683468454,1,0.8629555702209473,
bench_detect_20260819_1453,onnx,640,4,12,317.19949998660013,3.1525900893357157,1,0.842363715171814,
bench_detect_20260819_1453,onnx,640,4,13,275.75480000814423,3.626410129471783,2,0.825884997844696,
bench_detect_20260819_1453,onnx,640,4,14,278.84779998566955,3.586185725874085,1,0.8677326440811157,
bench_detect_20260819_1453,onnx,640,4,15,234.26609998568892,4.2686500524877005,1,0.861142635345459,
bench_detect_20260819_1453,onnx,640,4,16,230.24180001812056,4.343259998494182,2,0.8343461751937866,
bench_detect_20260819_1453,onnx,640,4,17,199.51460004085675,5.012164522271649,3,0.839414656162262,
bench_detect_20260819_1453,onnx,640,4,18,189.28190000588074,5.283125327719826,2,0.8466666340827942,
bench_detect_20260819_1453,onnx,640,4,19,186.0803000163287,5.3740240095928975,1,0.8641484975814819,
bench_detect_20260819_1453,onnx,640,4,20,710.207000025548,1.4080401910485638,2,0.8630983829498291,
bench_detect_20260819_1453,onnx,640,4,21,484.7806000034325,2.062788816204525,1,0.8406504392623901,
bench_detect_20260819_1453,onnx,640,4,22,375.5915999645367,2.662466359988934,1,0.8391133546829224,
bench_detect_20260819_1453,onnx,640,4,23,318.7659999821335,3.1370974321478733,1,0.8192139863967896,
bench_detect_20260819_1453,onnx,640,4,24,296.463800012134,3.3730931060017135,1,0.8192445635795593,
bench_detect_20260819_1453,onnx,640,4,25,504.3579999473877,1.982718624675955,2,0.8416056632995605,
bench_detect_20260819_1453,onnx,640,4,26,308.27869998756796,3.2438180128576097,3,0.8323211669921875,
bench_detect_20260819_1453,onnx,640,4,27,398.74700002837926,2.5078558582981914,1,0.8368035554885864,
bench_detect_20260819_1453,onnx,640,4,28,547.3481999943033,1.826990570189886,1,0.8446122407913208,
bench_detect_20260819_1453,onnx,640,4,29,312.38869996741414,3.2011401183983668,1,0.8436522483825684,
bench_detect_20260819_1453,onnx,640,4,30,309.35449997195974,3.2325374290357543,1,0.8377926349639893,
bench_detect_20260819_1453,onnx,640,4,31,283.18359999684617,3.5312779412760382,1,0.8432223796844482,
bench_detect_20260819_1453,onnx,640,4,32,351.3937999960035,2.8458100285530743,1,0.8313404321670532,
bench_detect_20260819_1453,onnx,640,4,33,362.5391999958083,2.7583224104084803,1,0.8367631435394287,
bench_detect_20260819_1453,onnx,640,4,34,214.33250000700355,4.665648000034171,1,0.7940600514411926,
bench_detect_20260819_1453,onnx,640,4,35,173.43480000272393,5.765855526020696,1,0.8441817760467529,
bench_detect_20260819_1453,onnx,640,4,36,198.14480002969503,5.046814248217135,1,0.8246177434921265,
bench_detect_20260819_1453,onnx,640,4,37,173.43399999663234,5.7658821224178505,1,0.8456279039382935,
bench_detect_20260819_1453,onnx,640,4,38,227.81820001546293,4.389464932705666,1,0.8481340408325195,
bench_detect_20260819_1453,onnx,640,4,39,270.9199999808334,3.691126532078645,2,0.8228013515472412,
bench_detect_20260819_1453,onnx,640,4,40,227.2845000261441,4.399772091299547,1,0.811850368976593,
bench_detect_20260819_1453,onnx,640,4,41,170.61550001380965,5.861132194431689,1,0.848019003868103,
bench_detect_20260819_1453,onnx,640,4,42,177.73589998250827,5.6263253518192675,2,0.8532116413116455,
bench_detect_20260819_1453,onnx,640,4,43,183.77820000750944,5.441341791132673,1,0.8299169540405273,
bench_detect_20260819_1453,onnx,640,4,44,184.62449999060482,5.416399232230219,1,0.7718535661697388,
bench_detect_20260819_1453,onnx,640,4,45,270.37829998880625,3.6985216640588403,1,0.8479881882667542,
bench_detect_20260819_1453,onnx,640,4,46,300.1233000541106,3.331963895571272,1,0.8480563163757324,
bench_detect_20260819_1453,onnx,640,4,47,208.37339997524396,4.799077042073538,1,0.8432231545448303,
bench_detect_20260819_1453,onnx,640,4,48,158.06739998515695,6.326415188039427,1,0.815872073173523,
bench_detect_20260819_1453,onnx,640,4,49,195.76700002653524,5.108113215528945,1,0.7787197232246399,
bench_detect_20260819_1453,onnx,640,4,50,194.4550999905914,5.142575329977894,2,0.8698760271072388,
bench_detect_20260819_1453,onnx,640,4,51,177.69250000128523,5.627699537081009,1,0.8253887891769409,
bench_detect_20260819_1453,onnx,640,4,52,174.8737000161782,5.718412773947635,1,0.8267799615859985,
bench_detect_20260819_1453,onnx,640,4,53,146.20180003112182,6.839861067285978,1,0.8350735902786255,
bench_detect_20260819_1453,onnx,640,4,54,149.47409997694194,6.6901222362553865,1,0.842432975769043,
bench_detect_20260819_1453,onnx,640,4,55,151.85540000675246,6.5852119842661745,1,0.853783130645752,
bench_detect_20260819_1453,onnx,640,4,56,181.99210002785549,5.494744001783271,1,0.8273897171020508,
bench_detect_20260819_1453,onnx,640,4,57,183.31880000187084,5.454977885463982,1,0.8261759877204895,
bench_detect_20260819_1453,onnx,640,4,58,189.43199998466298,5.278939144816944,2,0.8604758977890015,
bench_detect_20260819_1453,onnx,640,4,59,164.38930004369467,6.083120980101503,1,0.8189926147460938,
bench_detect_20260819_1453,onnx,640,4,60,159.38999998616055,6.273919317942328,2,0.8329588770866394,
bench_detect_20260819_1453,onnx,640,4,61,168.11780002899468,5.948210123065693,1,0.8284343481063843,
bench_detect_20260819_1453,onnx,640,4,62,171.7258999706246,5.8232334212315084,2,0.8373318910598755,
bench_detect_20260819_1453,onnx,640,4,63,184.4520000158809,5.421464662426551,1,0.8421447277069092,
bench_detect_20260819_1453,onnx,640,4,64,165.3719000169076,6.046976541345659,1,0.8202601075172424,
bench_detect_20260819_1453,onnx,640,4,65,143.66770000196993,6.960506780482239,1,0.8330275416374207,
bench_detect_20260819_1453,onnx,640,4,66,143.1421999586746,6.986060017861271,2,0.8189750909805298,
bench_detect_20260819_1453,onnx,640,4,67,158.86310004862025,6.294727974551351,1,0.8267172574996948,
bench_detect_20260819_1453,onnx,640,4,68,173.99169999407604,5.747400594591853,2,0.8485020399093628,
bench_detect_20260819_1453,onnx,640,4,69,194.1777000320144,5.149921952083727,1,0.8594738841056824,
bench_detect_20260819_1453,onnx,640,4,70,161.81649995269254,6.179839511374628,1,0.857597827911377,
bench_detect_20260819_1453,onnx,640,4,71,159.58430001046509,6.266280579821592,1,0.8561351299285889,
bench_detect_20260819_1453,onnx,640,4,72,162.10159996990114,6.168970572688234,1,0.8265813589096069,
bench_detect_20260819_1453,onnx,640,4,73,166.8919999501668,5.991898954405217,1,0.8261643648147583,
bench_detect_20260819_1453,onnx,640,4,74,165.7549999654293,6.033000514063317,1,0.8381205797195435,
bench_detect_20260819_1453,onnx,640,4,75,198.76110000768676,5.031165554836065,1,0.8184213638305664,
bench_detect_20260819_1453,onnx,640,4,76,292.2557999845594,3.4216600664651735,2,0.8448441028594971,
bench_detect_20260819_1453,onnx,640,4,77,501.5107999788597,1.993975005208568,1,0.8476138114929199,
bench_detect_20260819_1453,onnx,640,4,78,237.65659995842725,4.207751857827335,1,0.8524564504623413,
bench_detect_20260819_1453,onnx,640,4,79,174.01109996717423,5.7467598342211605,4,0.8396109342575073,
bench_detect_20260819_1453,onnx,640,4,80,168.31749997800216,5.941152881492967,1,0.8314977288246155,
bench_detect_20260819_1453,onnx,640,4,81,167.72120003588498,5.9622754892407395,1,0.827151358127594,
bench_detect_20260819_1453,onnx,640,4,82,150.61599999899045,6.639400860510854,2,0.8298345804214478,
bench_detect_20260819_1453,onnx,640,4,83,185.2286999928765,5.3987314063018195,1,0.8219830989837646,
bench_detect_20260819_1453,onnx,640,4,84,208.5788999684155,4.794348805902357,1,0.8257669806480408,
bench_detect_20260819_1453,onnx,640,4,85,192.24650005344301,5.201655165228017,1,0.8114612102508545,
bench_detect_20260819_1453,onnx,640,4,86,167.0406000339426,5.986568533618774,1,0.8388513326644897,
bench_detect_20260819_1453,onnx,640,4,87,166.56919999513775,6.003510853322166,1,0.8571672439575195,
bench_detect_20260819_1453,onnx,640,4,88,175.1562999561429,5.709186596487756,1,0.8460313081741333,
bench_detect_20260819_1453,onnx,640,4,89,219.80920003261417,4.549400115425674,1,0.7928652763366699,
bench_detect_20260819_1453,onnx,640,4,90,201.98179996805266,4.950941125181425,1,0.8154222965240479,
bench_detect_20260819_1453,onnx,640,4,91,153.43769994797185,6.517303116112163,6,0.8506507873535156,
bench_detect_20260819_1453,onnx,640,4,92,182.27719998685643,5.486149666947417,1,0.8413549065589905,
bench_detect_20260819_1453,onnx,640,4,93,224.19979999540374,4.4603072795805385,1,0.8516277074813843,
bench_detect_20260819_1453,onnx,640,4,94,241.99930002214387,4.132243357350604,1,0.8222675323486328,
bench_detect_20260819_1453,onnx,640,4,95,180.37409998942167,5.544033206866433,1,0.8292025923728943,
bench_detect_20260819_1453,onnx,640,4,96,190.02029998227954,5.262595628431571,1,0.807289183139801,
bench_detect_20260819_1453,onnx,640,4,97,175.8638999890536,5.686215306622016,1,0.8510770797729492,
bench_detect_20260819_1453,onnx,640,4,98,172.46839997824281,5.798163606354276,1,0.8391404151916504,
bench_detect_20260819_1453,onnx,640,4,99,153.65310001652688,6.508166772375177,1,0.849768877029419,
